-- Dynamic District Migration

CREATE TABLE IF NOT EXISTS `districts` (
  `id` INT AUTO_INCREMENT PRIMARY KEY,
  `name` VARCHAR(100) NOT NULL UNIQUE
);

CREATE TABLE IF NOT EXISTS `assemblies` (
  `id` INT AUTO_INCREMENT PRIMARY KEY,
  `district_id` INT NOT NULL,
  `name` VARCHAR(150) NOT NULL,
  FOREIGN KEY (`district_id`) REFERENCES `districts`(`id`)
);

CREATE TABLE IF NOT EXISTS `local_bodies` (
  `id` INT AUTO_INCREMENT PRIMARY KEY,
  `assembly_id` INT NOT NULL,
  `name` VARCHAR(250) NOT NULL,
  FOREIGN KEY (`assembly_id`) REFERENCES `assemblies`(`id`)
);

INSERT IGNORE INTO `districts` (`id`, `name`) VALUES (1, 'Trivandrum');
INSERT IGNORE INTO `assemblies` (`id`, `district_id`, `name`) VALUES (1, 1, 'Varkala');
INSERT IGNORE INTO `local_bodies` (`id`, `assembly_id`, `name`) VALUES (1, 1, 'Varkala Municipality');
INSERT IGNORE INTO `local_bodies` (`id`, `assembly_id`, `name`) VALUES (2, 1, 'Chemmaruthy');
INSERT IGNORE INTO `local_bodies` (`id`, `assembly_id`, `name`) VALUES (3, 1, 'Edava');
INSERT IGNORE INTO `local_bodies` (`id`, `assembly_id`, `name`) VALUES (4, 1, 'Elakamon');
INSERT IGNORE INTO `local_bodies` (`id`, `assembly_id`, `name`) VALUES (5, 1, 'Madavoor');
INSERT IGNORE INTO `local_bodies` (`id`, `assembly_id`, `name`) VALUES (6, 1, 'Navaikulam');
INSERT IGNORE INTO `local_bodies` (`id`, `assembly_id`, `name`) VALUES (7, 1, 'Pallickal');
INSERT IGNORE INTO `local_bodies` (`id`, `assembly_id`, `name`) VALUES (8, 1, 'Vettoor');
INSERT IGNORE INTO `assemblies` (`id`, `district_id`, `name`) VALUES (2, 1, 'Attingal');
INSERT IGNORE INTO `local_bodies` (`id`, `assembly_id`, `name`) VALUES (9, 2, 'Attingal Municipality');
INSERT IGNORE INTO `local_bodies` (`id`, `assembly_id`, `name`) VALUES (10, 2, 'Cherunniyoor');
INSERT IGNORE INTO `local_bodies` (`id`, `assembly_id`, `name`) VALUES (11, 2, 'Karavaram');
INSERT IGNORE INTO `local_bodies` (`id`, `assembly_id`, `name`) VALUES (12, 2, 'Kilimanoor');
INSERT IGNORE INTO `local_bodies` (`id`, `assembly_id`, `name`) VALUES (13, 2, 'Manamboor');
INSERT IGNORE INTO `local_bodies` (`id`, `assembly_id`, `name`) VALUES (14, 2, 'Nagaroor');
INSERT IGNORE INTO `local_bodies` (`id`, `assembly_id`, `name`) VALUES (15, 2, 'Ottoor');
INSERT IGNORE INTO `local_bodies` (`id`, `assembly_id`, `name`) VALUES (16, 2, 'Pazhayakunnummel');
INSERT IGNORE INTO `local_bodies` (`id`, `assembly_id`, `name`) VALUES (17, 2, 'Pulimath');
INSERT IGNORE INTO `local_bodies` (`id`, `assembly_id`, `name`) VALUES (18, 2, 'Vakkom');
INSERT IGNORE INTO `assemblies` (`id`, `district_id`, `name`) VALUES (3, 1, 'Chirayinkeezhu');
INSERT IGNORE INTO `local_bodies` (`id`, `assembly_id`, `name`) VALUES (19, 3, 'Anjuthengu');
INSERT IGNORE INTO `local_bodies` (`id`, `assembly_id`, `name`) VALUES (20, 3, 'Azhoor');
INSERT IGNORE INTO `local_bodies` (`id`, `assembly_id`, `name`) VALUES (21, 3, 'Chirayinkeezhu');
INSERT IGNORE INTO `local_bodies` (`id`, `assembly_id`, `name`) VALUES (22, 3, 'Kadakkavoor');
INSERT IGNORE INTO `local_bodies` (`id`, `assembly_id`, `name`) VALUES (23, 3, 'Kizhuvilam');
INSERT IGNORE INTO `local_bodies` (`id`, `assembly_id`, `name`) VALUES (24, 3, 'Mudakkal');
INSERT IGNORE INTO `local_bodies` (`id`, `assembly_id`, `name`) VALUES (25, 3, 'Kadinamkulam');
INSERT IGNORE INTO `local_bodies` (`id`, `assembly_id`, `name`) VALUES (26, 3, 'Mangalapuram');
INSERT IGNORE INTO `assemblies` (`id`, `district_id`, `name`) VALUES (4, 1, 'Nedumangad');
INSERT IGNORE INTO `local_bodies` (`id`, `assembly_id`, `name`) VALUES (27, 4, 'Nedumangad Municipality');
INSERT IGNORE INTO `local_bodies` (`id`, `assembly_id`, `name`) VALUES (28, 4, 'Manikkal');
INSERT IGNORE INTO `local_bodies` (`id`, `assembly_id`, `name`) VALUES (29, 4, 'Karakulam');
INSERT IGNORE INTO `local_bodies` (`id`, `assembly_id`, `name`) VALUES (30, 4, 'Andoorkonam');
INSERT IGNORE INTO `local_bodies` (`id`, `assembly_id`, `name`) VALUES (31, 4, 'Pothencode');
INSERT IGNORE INTO `local_bodies` (`id`, `assembly_id`, `name`) VALUES (32, 4, 'Vembayam');
INSERT IGNORE INTO `assemblies` (`id`, `district_id`, `name`) VALUES (5, 1, 'Vamanapuram');
INSERT IGNORE INTO `local_bodies` (`id`, `assembly_id`, `name`) VALUES (33, 5, 'Nellanad');
INSERT IGNORE INTO `local_bodies` (`id`, `assembly_id`, `name`) VALUES (34, 5, 'Pullampara');
INSERT IGNORE INTO `local_bodies` (`id`, `assembly_id`, `name`) VALUES (35, 5, 'Vamanapuram');
INSERT IGNORE INTO `local_bodies` (`id`, `assembly_id`, `name`) VALUES (36, 5, 'Anad');
INSERT IGNORE INTO `local_bodies` (`id`, `assembly_id`, `name`) VALUES (37, 5, 'Kallara');
INSERT IGNORE INTO `local_bodies` (`id`, `assembly_id`, `name`) VALUES (38, 5, 'Nanniyode');
INSERT IGNORE INTO `local_bodies` (`id`, `assembly_id`, `name`) VALUES (39, 5, 'Panavoor');
INSERT IGNORE INTO `local_bodies` (`id`, `assembly_id`, `name`) VALUES (40, 5, 'Pangode');
INSERT IGNORE INTO `local_bodies` (`id`, `assembly_id`, `name`) VALUES (41, 5, 'Peringamala');
INSERT IGNORE INTO `assemblies` (`id`, `district_id`, `name`) VALUES (6, 1, 'Kazhakoottam');
INSERT IGNORE INTO `local_bodies` (`id`, `assembly_id`, `name`) VALUES (42, 6, 'Kazhakoottam');
INSERT IGNORE INTO `local_bodies` (`id`, `assembly_id`, `name`) VALUES (43, 6, 'Sreekaryam');
INSERT IGNORE INTO `local_bodies` (`id`, `assembly_id`, `name`) VALUES (44, 6, 'Wards No. 1 to 12');
INSERT IGNORE INTO `local_bodies` (`id`, `assembly_id`, `name`) VALUES (45, 6, 'Ward 14');
INSERT IGNORE INTO `local_bodies` (`id`, `assembly_id`, `name`) VALUES (46, 6, 'Ward 76');
INSERT IGNORE INTO `local_bodies` (`id`, `assembly_id`, `name`) VALUES (47, 6, 'Ward 79 & 81');
INSERT IGNORE INTO `assemblies` (`id`, `district_id`, `name`) VALUES (7, 1, 'Vattiyoorkavu');
INSERT IGNORE INTO `local_bodies` (`id`, `assembly_id`, `name`) VALUES (48, 7, 'Ward 13');
INSERT IGNORE INTO `local_bodies` (`id`, `assembly_id`, `name`) VALUES (49, 7, 'Ward 15 to 25');
INSERT IGNORE INTO `local_bodies` (`id`, `assembly_id`, `name`) VALUES (50, 7, 'Ward 31 to 36');
INSERT IGNORE INTO `local_bodies` (`id`, `assembly_id`, `name`) VALUES (51, 7, 'Kudappanakunnu');
INSERT IGNORE INTO `local_bodies` (`id`, `assembly_id`, `name`) VALUES (52, 7, 'Vattiyoorkavu');
INSERT IGNORE INTO `assemblies` (`id`, `district_id`, `name`) VALUES (8, 1, 'Thiruvananthapuram');
INSERT IGNORE INTO `local_bodies` (`id`, `assembly_id`, `name`) VALUES (53, 8, 'Wards 26 to 30');
INSERT IGNORE INTO `local_bodies` (`id`, `assembly_id`, `name`) VALUES (54, 8, 'Ward 40 to 47');
INSERT IGNORE INTO `local_bodies` (`id`, `assembly_id`, `name`) VALUES (55, 8, 'Ward 59');
INSERT IGNORE INTO `local_bodies` (`id`, `assembly_id`, `name`) VALUES (56, 8, 'Ward 60');
INSERT IGNORE INTO `local_bodies` (`id`, `assembly_id`, `name`) VALUES (57, 8, 'Ward 69 to 75');
INSERT IGNORE INTO `local_bodies` (`id`, `assembly_id`, `name`) VALUES (58, 8, 'Ward 77');
INSERT IGNORE INTO `local_bodies` (`id`, `assembly_id`, `name`) VALUES (59, 8, 'Ward 78 & 80');
INSERT IGNORE INTO `assemblies` (`id`, `district_id`, `name`) VALUES (9, 1, 'Nemom');
INSERT IGNORE INTO `local_bodies` (`id`, `assembly_id`, `name`) VALUES (60, 9, 'Ward 37 to 39');
INSERT IGNORE INTO `local_bodies` (`id`, `assembly_id`, `name`) VALUES (61, 9, 'Ward 48 to 58');
INSERT IGNORE INTO `local_bodies` (`id`, `assembly_id`, `name`) VALUES (62, 9, 'Ward 61 to 68');
INSERT IGNORE INTO `assemblies` (`id`, `district_id`, `name`) VALUES (10, 1, 'Aruvikkara');
INSERT IGNORE INTO `local_bodies` (`id`, `assembly_id`, `name`) VALUES (63, 10, 'Aruvikkara');
INSERT IGNORE INTO `local_bodies` (`id`, `assembly_id`, `name`) VALUES (64, 10, 'Aryanad');
INSERT IGNORE INTO `local_bodies` (`id`, `assembly_id`, `name`) VALUES (65, 10, 'Tholicode');
INSERT IGNORE INTO `local_bodies` (`id`, `assembly_id`, `name`) VALUES (66, 10, 'Vithura');
INSERT IGNORE INTO `local_bodies` (`id`, `assembly_id`, `name`) VALUES (67, 10, 'Kuttichal');
INSERT IGNORE INTO `local_bodies` (`id`, `assembly_id`, `name`) VALUES (68, 10, 'Poovachal');
INSERT IGNORE INTO `local_bodies` (`id`, `assembly_id`, `name`) VALUES (69, 10, 'Vellanad');
INSERT IGNORE INTO `local_bodies` (`id`, `assembly_id`, `name`) VALUES (70, 10, 'Uzhamalackal');
INSERT IGNORE INTO `local_bodies` (`id`, `assembly_id`, `name`) VALUES (71, 10, 'Nedumangad');
INSERT IGNORE INTO `assemblies` (`id`, `district_id`, `name`) VALUES (11, 1, 'Parassala');
INSERT IGNORE INTO `local_bodies` (`id`, `assembly_id`, `name`) VALUES (72, 11, 'Amboori');
INSERT IGNORE INTO `local_bodies` (`id`, `assembly_id`, `name`) VALUES (73, 11, 'Aryancode');
INSERT IGNORE INTO `local_bodies` (`id`, `assembly_id`, `name`) VALUES (74, 11, 'Kallikkad');
INSERT IGNORE INTO `local_bodies` (`id`, `assembly_id`, `name`) VALUES (75, 11, 'Kollayil');
INSERT IGNORE INTO `local_bodies` (`id`, `assembly_id`, `name`) VALUES (76, 11, 'Kunnathukal');
INSERT IGNORE INTO `local_bodies` (`id`, `assembly_id`, `name`) VALUES (77, 11, 'Ottasekharamangalam');
INSERT IGNORE INTO `local_bodies` (`id`, `assembly_id`, `name`) VALUES (78, 11, 'Parassala');
INSERT IGNORE INTO `local_bodies` (`id`, `assembly_id`, `name`) VALUES (79, 11, 'Perumkadavila');
INSERT IGNORE INTO `local_bodies` (`id`, `assembly_id`, `name`) VALUES (80, 11, 'Vellarada');
INSERT IGNORE INTO `assemblies` (`id`, `district_id`, `name`) VALUES (12, 1, 'Kattakkada');
INSERT IGNORE INTO `local_bodies` (`id`, `assembly_id`, `name`) VALUES (81, 12, 'Kattakkada');
INSERT IGNORE INTO `local_bodies` (`id`, `assembly_id`, `name`) VALUES (82, 12, 'Malayinkeezhu');
INSERT IGNORE INTO `local_bodies` (`id`, `assembly_id`, `name`) VALUES (83, 12, 'Maranalloor');
INSERT IGNORE INTO `local_bodies` (`id`, `assembly_id`, `name`) VALUES (84, 12, 'Pallichal');
INSERT IGNORE INTO `local_bodies` (`id`, `assembly_id`, `name`) VALUES (85, 12, 'Vilappil');
INSERT IGNORE INTO `local_bodies` (`id`, `assembly_id`, `name`) VALUES (86, 12, 'Vilavoorkal');
INSERT IGNORE INTO `assemblies` (`id`, `district_id`, `name`) VALUES (13, 1, 'Kovalam');
INSERT IGNORE INTO `local_bodies` (`id`, `assembly_id`, `name`) VALUES (87, 13, 'Balaramapuram');
INSERT IGNORE INTO `local_bodies` (`id`, `assembly_id`, `name`) VALUES (88, 13, 'Kalliyoor');
INSERT IGNORE INTO `local_bodies` (`id`, `assembly_id`, `name`) VALUES (89, 13, 'Venganoor');
INSERT IGNORE INTO `local_bodies` (`id`, `assembly_id`, `name`) VALUES (90, 13, 'Thiruvananathapuram');
INSERT IGNORE INTO `local_bodies` (`id`, `assembly_id`, `name`) VALUES (91, 13, 'Kanjiramkulam');
INSERT IGNORE INTO `local_bodies` (`id`, `assembly_id`, `name`) VALUES (92, 13, 'Karumkulam');
INSERT IGNORE INTO `local_bodies` (`id`, `assembly_id`, `name`) VALUES (93, 13, 'Kottukal');
INSERT IGNORE INTO `local_bodies` (`id`, `assembly_id`, `name`) VALUES (94, 13, 'Poovar');
INSERT IGNORE INTO `local_bodies` (`id`, `assembly_id`, `name`) VALUES (95, 13, 'Vizhinjam');
INSERT IGNORE INTO `assemblies` (`id`, `district_id`, `name`) VALUES (14, 1, 'Neyyattinkara');
INSERT IGNORE INTO `local_bodies` (`id`, `assembly_id`, `name`) VALUES (96, 14, 'Neyyattinkara');
INSERT IGNORE INTO `local_bodies` (`id`, `assembly_id`, `name`) VALUES (97, 14, 'Athiyannur');
INSERT IGNORE INTO `local_bodies` (`id`, `assembly_id`, `name`) VALUES (98, 14, 'Chenkal');
INSERT IGNORE INTO `local_bodies` (`id`, `assembly_id`, `name`) VALUES (99, 14, 'Karode');
INSERT IGNORE INTO `local_bodies` (`id`, `assembly_id`, `name`) VALUES (100, 14, 'Kulathoor');
INSERT IGNORE INTO `local_bodies` (`id`, `assembly_id`, `name`) VALUES (101, 14, 'Thirupuram');
INSERT IGNORE INTO `local_bodies` (`id`, `assembly_id`, `name`) VALUES (102, 14, 'Neyyattinkara');
INSERT IGNORE INTO `districts` (`id`, `name`) VALUES (2, 'Kollam');
INSERT IGNORE INTO `assemblies` (`id`, `district_id`, `name`) VALUES (15, 2, 'Eravipuram');
INSERT IGNORE INTO `local_bodies` (`id`, `assembly_id`, `name`) VALUES (103, 15, 'Ward14');
INSERT IGNORE INTO `local_bodies` (`id`, `assembly_id`, `name`) VALUES (104, 15, 'Ward 15');
INSERT IGNORE INTO `local_bodies` (`id`, `assembly_id`, `name`) VALUES (105, 15, 'Ward 20 to 41');
INSERT IGNORE INTO `local_bodies` (`id`, `assembly_id`, `name`) VALUES (106, 15, 'Mayyanad');
INSERT IGNORE INTO `assemblies` (`id`, `district_id`, `name`) VALUES (16, 2, 'Chathannoor');
INSERT IGNORE INTO `local_bodies` (`id`, `assembly_id`, `name`) VALUES (107, 16, 'Paravoor Municipality');
INSERT IGNORE INTO `local_bodies` (`id`, `assembly_id`, `name`) VALUES (108, 16, 'Adichanalloor');
INSERT IGNORE INTO `local_bodies` (`id`, `assembly_id`, `name`) VALUES (109, 16, 'Chathannoor');
INSERT IGNORE INTO `local_bodies` (`id`, `assembly_id`, `name`) VALUES (110, 16, 'Kalluvathukkal');
INSERT IGNORE INTO `local_bodies` (`id`, `assembly_id`, `name`) VALUES (111, 16, 'Poothakkulam');
INSERT IGNORE INTO `local_bodies` (`id`, `assembly_id`, `name`) VALUES (112, 16, 'Pooyappally');
INSERT IGNORE INTO `assemblies` (`id`, `district_id`, `name`) VALUES (17, 2, 'Karunagappally');
INSERT IGNORE INTO `local_bodies` (`id`, `assembly_id`, `name`) VALUES (113, 17, 'Alappad');
INSERT IGNORE INTO `local_bodies` (`id`, `assembly_id`, `name`) VALUES (114, 17, 'Clappana');
INSERT IGNORE INTO `local_bodies` (`id`, `assembly_id`, `name`) VALUES (115, 17, 'Kulasekharapuram');
INSERT IGNORE INTO `local_bodies` (`id`, `assembly_id`, `name`) VALUES (116, 17, 'Oachira');
INSERT IGNORE INTO `local_bodies` (`id`, `assembly_id`, `name`) VALUES (117, 17, 'Thazhava');
INSERT IGNORE INTO `local_bodies` (`id`, `assembly_id`, `name`) VALUES (118, 17, 'Thodiyoor');
INSERT IGNORE INTO `local_bodies` (`id`, `assembly_id`, `name`) VALUES (119, 17, 'Karunagappally');
INSERT IGNORE INTO `assemblies` (`id`, `district_id`, `name`) VALUES (18, 2, 'Chavara');
INSERT IGNORE INTO `local_bodies` (`id`, `assembly_id`, `name`) VALUES (120, 18, 'Ward 1 to 5');
INSERT IGNORE INTO `local_bodies` (`id`, `assembly_id`, `name`) VALUES (121, 18, 'Ward 49');
INSERT IGNORE INTO `local_bodies` (`id`, `assembly_id`, `name`) VALUES (122, 18, 'Ward 50');
INSERT IGNORE INTO `local_bodies` (`id`, `assembly_id`, `name`) VALUES (123, 18, 'Chavara');
INSERT IGNORE INTO `local_bodies` (`id`, `assembly_id`, `name`) VALUES (124, 18, 'Neendakara');
INSERT IGNORE INTO `local_bodies` (`id`, `assembly_id`, `name`) VALUES (125, 18, 'Panmana');
INSERT IGNORE INTO `local_bodies` (`id`, `assembly_id`, `name`) VALUES (126, 18, 'Thekkumbhagom');
INSERT IGNORE INTO `local_bodies` (`id`, `assembly_id`, `name`) VALUES (127, 18, 'Thevalakkara');
INSERT IGNORE INTO `assemblies` (`id`, `district_id`, `name`) VALUES (19, 2, 'Kunnathur');
INSERT IGNORE INTO `local_bodies` (`id`, `assembly_id`, `name`) VALUES (128, 19, 'East Kallada');
INSERT IGNORE INTO `local_bodies` (`id`, `assembly_id`, `name`) VALUES (129, 19, 'Mundrothuruth Panchayats in Kollam Taluk');
INSERT IGNORE INTO `local_bodies` (`id`, `assembly_id`, `name`) VALUES (130, 19, 'Kunnathur');
INSERT IGNORE INTO `local_bodies` (`id`, `assembly_id`, `name`) VALUES (131, 19, 'Mynagappally');
INSERT IGNORE INTO `local_bodies` (`id`, `assembly_id`, `name`) VALUES (132, 19, 'Poruvazhy');
INSERT IGNORE INTO `local_bodies` (`id`, `assembly_id`, `name`) VALUES (133, 19, 'Sasthamcotta');
INSERT IGNORE INTO `local_bodies` (`id`, `assembly_id`, `name`) VALUES (134, 19, 'Sooranad North');
INSERT IGNORE INTO `local_bodies` (`id`, `assembly_id`, `name`) VALUES (135, 19, 'Sooranad South');
INSERT IGNORE INTO `local_bodies` (`id`, `assembly_id`, `name`) VALUES (136, 19, 'West Kallada');
INSERT IGNORE INTO `local_bodies` (`id`, `assembly_id`, `name`) VALUES (137, 19, 'Pavithreswaram');
INSERT IGNORE INTO `assemblies` (`id`, `district_id`, `name`) VALUES (20, 2, 'Kottarakkara');
INSERT IGNORE INTO `local_bodies` (`id`, `assembly_id`, `name`) VALUES (138, 20, 'Ezhukone');
INSERT IGNORE INTO `local_bodies` (`id`, `assembly_id`, `name`) VALUES (139, 20, 'Kareepra');
INSERT IGNORE INTO `local_bodies` (`id`, `assembly_id`, `name`) VALUES (140, 20, 'Kottarakkara');
INSERT IGNORE INTO `local_bodies` (`id`, `assembly_id`, `name`) VALUES (141, 20, 'Kulakkada');
INSERT IGNORE INTO `local_bodies` (`id`, `assembly_id`, `name`) VALUES (142, 20, 'Mylom');
INSERT IGNORE INTO `local_bodies` (`id`, `assembly_id`, `name`) VALUES (143, 20, 'Neduvathur');
INSERT IGNORE INTO `local_bodies` (`id`, `assembly_id`, `name`) VALUES (144, 20, 'Ummannoor');
INSERT IGNORE INTO `local_bodies` (`id`, `assembly_id`, `name`) VALUES (145, 20, 'Veliyam');
INSERT IGNORE INTO `assemblies` (`id`, `district_id`, `name`) VALUES (21, 2, 'Pathanapuram');
INSERT IGNORE INTO `local_bodies` (`id`, `assembly_id`, `name`) VALUES (146, 21, 'Melila');
INSERT IGNORE INTO `local_bodies` (`id`, `assembly_id`, `name`) VALUES (147, 21, 'Vettikkavala');
INSERT IGNORE INTO `local_bodies` (`id`, `assembly_id`, `name`) VALUES (148, 21, 'Pathanapuram');
INSERT IGNORE INTO `local_bodies` (`id`, `assembly_id`, `name`) VALUES (149, 21, 'Pattazhy');
INSERT IGNORE INTO `local_bodies` (`id`, `assembly_id`, `name`) VALUES (150, 21, 'Pattazhy Vadakkekara');
INSERT IGNORE INTO `local_bodies` (`id`, `assembly_id`, `name`) VALUES (151, 21, 'Piravanthoor');
INSERT IGNORE INTO `local_bodies` (`id`, `assembly_id`, `name`) VALUES (152, 21, 'Thalavoor');
INSERT IGNORE INTO `local_bodies` (`id`, `assembly_id`, `name`) VALUES (153, 21, 'Vilakkudy');
INSERT IGNORE INTO `assemblies` (`id`, `district_id`, `name`) VALUES (22, 2, 'Punalur');
INSERT IGNORE INTO `local_bodies` (`id`, `assembly_id`, `name`) VALUES (154, 22, 'Punalur Municipality');
INSERT IGNORE INTO `local_bodies` (`id`, `assembly_id`, `name`) VALUES (155, 22, 'Anchal');
INSERT IGNORE INTO `local_bodies` (`id`, `assembly_id`, `name`) VALUES (156, 22, 'Ariyankavu');
INSERT IGNORE INTO `local_bodies` (`id`, `assembly_id`, `name`) VALUES (157, 22, 'Edamulakkal');
INSERT IGNORE INTO `local_bodies` (`id`, `assembly_id`, `name`) VALUES (158, 22, 'Eroor');
INSERT IGNORE INTO `local_bodies` (`id`, `assembly_id`, `name`) VALUES (159, 22, 'Karavaloor');
INSERT IGNORE INTO `local_bodies` (`id`, `assembly_id`, `name`) VALUES (160, 22, 'Kulathupuzha');
INSERT IGNORE INTO `local_bodies` (`id`, `assembly_id`, `name`) VALUES (161, 22, 'Thenmala');
INSERT IGNORE INTO `assemblies` (`id`, `district_id`, `name`) VALUES (23, 2, 'Chadayamangalam');
INSERT IGNORE INTO `local_bodies` (`id`, `assembly_id`, `name`) VALUES (162, 23, 'Alayamon Panchayat in Pathanapuram Taluk');
INSERT IGNORE INTO `local_bodies` (`id`, `assembly_id`, `name`) VALUES (163, 23, 'Chadayamangalam');
INSERT IGNORE INTO `local_bodies` (`id`, `assembly_id`, `name`) VALUES (164, 23, 'Chithara');
INSERT IGNORE INTO `local_bodies` (`id`, `assembly_id`, `name`) VALUES (165, 23, 'Elamad');
INSERT IGNORE INTO `local_bodies` (`id`, `assembly_id`, `name`) VALUES (166, 23, 'Ittiva');
INSERT IGNORE INTO `local_bodies` (`id`, `assembly_id`, `name`) VALUES (167, 23, 'Kadakkal');
INSERT IGNORE INTO `local_bodies` (`id`, `assembly_id`, `name`) VALUES (168, 23, 'Nilamel');
INSERT IGNORE INTO `local_bodies` (`id`, `assembly_id`, `name`) VALUES (169, 23, 'Velinalloor');
INSERT IGNORE INTO `assemblies` (`id`, `district_id`, `name`) VALUES (24, 2, 'Kundara');
INSERT IGNORE INTO `local_bodies` (`id`, `assembly_id`, `name`) VALUES (170, 24, 'Elampalloor');
INSERT IGNORE INTO `local_bodies` (`id`, `assembly_id`, `name`) VALUES (171, 24, 'Kottamkara');
INSERT IGNORE INTO `local_bodies` (`id`, `assembly_id`, `name`) VALUES (172, 24, 'Kundara');
INSERT IGNORE INTO `local_bodies` (`id`, `assembly_id`, `name`) VALUES (173, 24, 'Nedumpana');
INSERT IGNORE INTO `local_bodies` (`id`, `assembly_id`, `name`) VALUES (174, 24, 'Perayam');
INSERT IGNORE INTO `local_bodies` (`id`, `assembly_id`, `name`) VALUES (175, 24, 'Perinad');
INSERT IGNORE INTO `local_bodies` (`id`, `assembly_id`, `name`) VALUES (176, 24, 'Thrikkovilvattom');
INSERT IGNORE INTO `assemblies` (`id`, `district_id`, `name`) VALUES (25, 2, 'Kollam');
INSERT IGNORE INTO `local_bodies` (`id`, `assembly_id`, `name`) VALUES (177, 25, 'Panayam');
INSERT IGNORE INTO `local_bodies` (`id`, `assembly_id`, `name`) VALUES (178, 25, 'Thrikkadavoor');
INSERT IGNORE INTO `local_bodies` (`id`, `assembly_id`, `name`) VALUES (179, 25, 'Thrikkaruva');
INSERT IGNORE INTO `local_bodies` (`id`, `assembly_id`, `name`) VALUES (180, 25, 'Ward No. 6 to 13');
INSERT IGNORE INTO `local_bodies` (`id`, `assembly_id`, `name`) VALUES (181, 25, 'Ward 16 to 19');
INSERT IGNORE INTO `local_bodies` (`id`, `assembly_id`, `name`) VALUES (182, 25, 'Ward 42 to 48');
INSERT IGNORE INTO `districts` (`id`, `name`) VALUES (3, 'Pathanamthitta');
INSERT IGNORE INTO `assemblies` (`id`, `district_id`, `name`) VALUES (26, 3, 'Thiruvalla');
INSERT IGNORE INTO `local_bodies` (`id`, `assembly_id`, `name`) VALUES (183, 26, 'Thiruvalla Municipality');
INSERT IGNORE INTO `local_bodies` (`id`, `assembly_id`, `name`) VALUES (184, 26, 'Kadapra');
INSERT IGNORE INTO `local_bodies` (`id`, `assembly_id`, `name`) VALUES (185, 26, 'Kaviyoor');
INSERT IGNORE INTO `local_bodies` (`id`, `assembly_id`, `name`) VALUES (186, 26, 'Kuttoor');
INSERT IGNORE INTO `local_bodies` (`id`, `assembly_id`, `name`) VALUES (187, 26, 'Nedumpram');
INSERT IGNORE INTO `local_bodies` (`id`, `assembly_id`, `name`) VALUES (188, 26, 'Niranam');
INSERT IGNORE INTO `local_bodies` (`id`, `assembly_id`, `name`) VALUES (189, 26, 'Peringara Panchayats in Thiruvalla Taluk');
INSERT IGNORE INTO `local_bodies` (`id`, `assembly_id`, `name`) VALUES (190, 26, 'Anicadu');
INSERT IGNORE INTO `local_bodies` (`id`, `assembly_id`, `name`) VALUES (191, 26, 'Kallooppara');
INSERT IGNORE INTO `local_bodies` (`id`, `assembly_id`, `name`) VALUES (192, 26, 'Mallappally');
INSERT IGNORE INTO `local_bodies` (`id`, `assembly_id`, `name`) VALUES (193, 26, 'Puramattom');
INSERT IGNORE INTO `local_bodies` (`id`, `assembly_id`, `name`) VALUES (194, 26, 'Kunnamthanam Panchayats in Mallappally Taluk');
INSERT IGNORE INTO `assemblies` (`id`, `district_id`, `name`) VALUES (27, 3, 'Ranni');
INSERT IGNORE INTO `local_bodies` (`id`, `assembly_id`, `name`) VALUES (195, 27, 'Ezhumattoor');
INSERT IGNORE INTO `local_bodies` (`id`, `assembly_id`, `name`) VALUES (196, 27, 'Kottanad');
INSERT IGNORE INTO `local_bodies` (`id`, `assembly_id`, `name`) VALUES (197, 27, 'Kottangal Panchayats in Mallappally Taluk');
INSERT IGNORE INTO `local_bodies` (`id`, `assembly_id`, `name`) VALUES (198, 27, 'Ayiroor');
INSERT IGNORE INTO `local_bodies` (`id`, `assembly_id`, `name`) VALUES (199, 27, 'Naranammoozhi');
INSERT IGNORE INTO `local_bodies` (`id`, `assembly_id`, `name`) VALUES (200, 27, 'Ranni-Angadi');
INSERT IGNORE INTO `local_bodies` (`id`, `assembly_id`, `name`) VALUES (201, 27, 'Ranni-Pazhavangadi');
INSERT IGNORE INTO `local_bodies` (`id`, `assembly_id`, `name`) VALUES (202, 27, 'Ranni-Perunad');
INSERT IGNORE INTO `local_bodies` (`id`, `assembly_id`, `name`) VALUES (203, 27, 'Cherukole');
INSERT IGNORE INTO `local_bodies` (`id`, `assembly_id`, `name`) VALUES (204, 27, 'Ranni');
INSERT IGNORE INTO `local_bodies` (`id`, `assembly_id`, `name`) VALUES (205, 27, 'Vadasserikkara');
INSERT IGNORE INTO `local_bodies` (`id`, `assembly_id`, `name`) VALUES (206, 27, 'Vechoochira Panchayats in Ranni Taluk');
INSERT IGNORE INTO `assemblies` (`id`, `district_id`, `name`) VALUES (28, 3, 'Aranmula');
INSERT IGNORE INTO `local_bodies` (`id`, `assembly_id`, `name`) VALUES (207, 28, 'Pathanamthitta Municipality');
INSERT IGNORE INTO `local_bodies` (`id`, `assembly_id`, `name`) VALUES (208, 28, 'Aranmula');
INSERT IGNORE INTO `local_bodies` (`id`, `assembly_id`, `name`) VALUES (209, 28, 'Chenneerkara');
INSERT IGNORE INTO `local_bodies` (`id`, `assembly_id`, `name`) VALUES (210, 28, 'Elanthoor');
INSERT IGNORE INTO `local_bodies` (`id`, `assembly_id`, `name`) VALUES (211, 28, 'Kozhenchery');
INSERT IGNORE INTO `local_bodies` (`id`, `assembly_id`, `name`) VALUES (212, 28, 'Kulanada');
INSERT IGNORE INTO `local_bodies` (`id`, `assembly_id`, `name`) VALUES (213, 28, 'Mallapuzhassery');
INSERT IGNORE INTO `local_bodies` (`id`, `assembly_id`, `name`) VALUES (214, 28, 'Mezhuveli');
INSERT IGNORE INTO `local_bodies` (`id`, `assembly_id`, `name`) VALUES (215, 28, 'Naranganam');
INSERT IGNORE INTO `local_bodies` (`id`, `assembly_id`, `name`) VALUES (216, 28, 'Omalloor Panchayats in Kozhenchery Taluk');
INSERT IGNORE INTO `local_bodies` (`id`, `assembly_id`, `name`) VALUES (217, 28, 'Eraviperoor');
INSERT IGNORE INTO `local_bodies` (`id`, `assembly_id`, `name`) VALUES (218, 28, 'Koipram');
INSERT IGNORE INTO `local_bodies` (`id`, `assembly_id`, `name`) VALUES (219, 28, 'Thottapuzhassery Panchayats in Thiruvalla Taluk');
INSERT IGNORE INTO `assemblies` (`id`, `district_id`, `name`) VALUES (29, 3, 'Konni');
INSERT IGNORE INTO `local_bodies` (`id`, `assembly_id`, `name`) VALUES (220, 29, 'Aruvappulam');
INSERT IGNORE INTO `local_bodies` (`id`, `assembly_id`, `name`) VALUES (221, 29, 'Konni');
INSERT IGNORE INTO `local_bodies` (`id`, `assembly_id`, `name`) VALUES (222, 29, 'Malayalapuzha');
INSERT IGNORE INTO `local_bodies` (`id`, `assembly_id`, `name`) VALUES (223, 29, 'Pramadom');
INSERT IGNORE INTO `local_bodies` (`id`, `assembly_id`, `name`) VALUES (224, 29, 'Mylapra');
INSERT IGNORE INTO `local_bodies` (`id`, `assembly_id`, `name`) VALUES (225, 29, 'Vallicode');
INSERT IGNORE INTO `local_bodies` (`id`, `assembly_id`, `name`) VALUES (226, 29, 'Thannithode Panchayat in Kozhenchery Taluk');
INSERT IGNORE INTO `local_bodies` (`id`, `assembly_id`, `name`) VALUES (227, 29, 'Enadimangalam');
INSERT IGNORE INTO `local_bodies` (`id`, `assembly_id`, `name`) VALUES (228, 29, 'Kalanjoor Panchayats in Adoor Taluk');
INSERT IGNORE INTO `local_bodies` (`id`, `assembly_id`, `name`) VALUES (229, 29, 'Chittar');
INSERT IGNORE INTO `local_bodies` (`id`, `assembly_id`, `name`) VALUES (230, 29, 'Seethathodu Panchayats in Ranni Taluk');
INSERT IGNORE INTO `assemblies` (`id`, `district_id`, `name`) VALUES (30, 3, 'Adoor');
INSERT IGNORE INTO `local_bodies` (`id`, `assembly_id`, `name`) VALUES (231, 30, 'Adoor Municipality');
INSERT IGNORE INTO `local_bodies` (`id`, `assembly_id`, `name`) VALUES (232, 30, 'Pandalam');
INSERT IGNORE INTO `local_bodies` (`id`, `assembly_id`, `name`) VALUES (233, 30, 'Thumbamon');
INSERT IGNORE INTO `local_bodies` (`id`, `assembly_id`, `name`) VALUES (234, 30, 'Pandalam Thekkekara');
INSERT IGNORE INTO `local_bodies` (`id`, `assembly_id`, `name`) VALUES (235, 30, 'Kodumon');
INSERT IGNORE INTO `local_bodies` (`id`, `assembly_id`, `name`) VALUES (236, 30, 'Ezhamkulam');
INSERT IGNORE INTO `local_bodies` (`id`, `assembly_id`, `name`) VALUES (237, 30, 'Erathu');
INSERT IGNORE INTO `local_bodies` (`id`, `assembly_id`, `name`) VALUES (238, 30, 'Pallickal');
INSERT IGNORE INTO `local_bodies` (`id`, `assembly_id`, `name`) VALUES (239, 30, 'Kadampanadu Panchayats in Adoor Taluk');
INSERT IGNORE INTO `districts` (`id`, `name`) VALUES (4, 'Alappuzha');
INSERT IGNORE INTO `assemblies` (`id`, `district_id`, `name`) VALUES (31, 4, 'Aroor');
INSERT IGNORE INTO `local_bodies` (`id`, `assembly_id`, `name`) VALUES (240, 31, 'Arookutty');
INSERT IGNORE INTO `local_bodies` (`id`, `assembly_id`, `name`) VALUES (241, 31, 'Aroor');
INSERT IGNORE INTO `local_bodies` (`id`, `assembly_id`, `name`) VALUES (242, 31, 'Chennam-Pallippuram');
INSERT IGNORE INTO `local_bodies` (`id`, `assembly_id`, `name`) VALUES (243, 31, 'Ezhupunna');
INSERT IGNORE INTO `local_bodies` (`id`, `assembly_id`, `name`) VALUES (244, 31, 'Kodamthuruth');
INSERT IGNORE INTO `local_bodies` (`id`, `assembly_id`, `name`) VALUES (245, 31, 'Kuthiathode');
INSERT IGNORE INTO `local_bodies` (`id`, `assembly_id`, `name`) VALUES (246, 31, 'Panavally');
INSERT IGNORE INTO `local_bodies` (`id`, `assembly_id`, `name`) VALUES (247, 31, 'Perumbalam');
INSERT IGNORE INTO `local_bodies` (`id`, `assembly_id`, `name`) VALUES (248, 31, 'Thycattussery');
INSERT IGNORE INTO `local_bodies` (`id`, `assembly_id`, `name`) VALUES (249, 31, 'Thuravoor Panchayat in Cherthala Taluk');
INSERT IGNORE INTO `assemblies` (`id`, `district_id`, `name`) VALUES (32, 4, 'Cherthala');
INSERT IGNORE INTO `local_bodies` (`id`, `assembly_id`, `name`) VALUES (250, 32, 'Cherthala Municipality');
INSERT IGNORE INTO `local_bodies` (`id`, `assembly_id`, `name`) VALUES (251, 32, 'Cherthala South');
INSERT IGNORE INTO `local_bodies` (`id`, `assembly_id`, `name`) VALUES (252, 32, 'Kadakkarappally');
INSERT IGNORE INTO `local_bodies` (`id`, `assembly_id`, `name`) VALUES (253, 32, 'Kanjikkuzhi');
INSERT IGNORE INTO `local_bodies` (`id`, `assembly_id`, `name`) VALUES (254, 32, 'Muhamma');
INSERT IGNORE INTO `local_bodies` (`id`, `assembly_id`, `name`) VALUES (255, 32, 'Pattanakkad');
INSERT IGNORE INTO `local_bodies` (`id`, `assembly_id`, `name`) VALUES (256, 32, 'Thanneermukkam');
INSERT IGNORE INTO `local_bodies` (`id`, `assembly_id`, `name`) VALUES (257, 32, 'Vayalar Panchayats in Cherthala Taluk');
INSERT IGNORE INTO `assemblies` (`id`, `district_id`, `name`) VALUES (33, 4, 'Alappuzha');
INSERT IGNORE INTO `local_bodies` (`id`, `assembly_id`, `name`) VALUES (258, 33, 'Alappuzha Municipality');
INSERT IGNORE INTO `local_bodies` (`id`, `assembly_id`, `name`) VALUES (259, 33, 'Wards no. 1-19 & 45-50');
INSERT IGNORE INTO `local_bodies` (`id`, `assembly_id`, `name`) VALUES (260, 33, 'Aryad');
INSERT IGNORE INTO `local_bodies` (`id`, `assembly_id`, `name`) VALUES (261, 33, 'Mannanchery');
INSERT IGNORE INTO `local_bodies` (`id`, `assembly_id`, `name`) VALUES (262, 33, 'Mararikkulam South Panchayats in Ambalappuzha Taluk');
INSERT IGNORE INTO `local_bodies` (`id`, `assembly_id`, `name`) VALUES (263, 33, 'Mararikkulam North Panchayat in Cherthala Taluk');
INSERT IGNORE INTO `assemblies` (`id`, `district_id`, `name`) VALUES (34, 4, 'Ambalappuzha');
INSERT IGNORE INTO `local_bodies` (`id`, `assembly_id`, `name`) VALUES (264, 34, 'Alappuzha Municipality Wards no. 20 to 44');
INSERT IGNORE INTO `local_bodies` (`id`, `assembly_id`, `name`) VALUES (265, 34, 'Ambalappuzha North');
INSERT IGNORE INTO `local_bodies` (`id`, `assembly_id`, `name`) VALUES (266, 34, 'Ambalappuzha South');
INSERT IGNORE INTO `local_bodies` (`id`, `assembly_id`, `name`) VALUES (267, 34, 'Punnapra North');
INSERT IGNORE INTO `local_bodies` (`id`, `assembly_id`, `name`) VALUES (268, 34, 'Punnapra South');
INSERT IGNORE INTO `local_bodies` (`id`, `assembly_id`, `name`) VALUES (269, 34, 'Purakkad Panchayats in Ambalappuzha Taluk');
INSERT IGNORE INTO `assemblies` (`id`, `district_id`, `name`) VALUES (35, 4, 'Kuttanad');
INSERT IGNORE INTO `local_bodies` (`id`, `assembly_id`, `name`) VALUES (270, 35, 'Champakkulam');
INSERT IGNORE INTO `local_bodies` (`id`, `assembly_id`, `name`) VALUES (271, 35, 'Edathua');
INSERT IGNORE INTO `local_bodies` (`id`, `assembly_id`, `name`) VALUES (272, 35, 'Kainakary');
INSERT IGNORE INTO `local_bodies` (`id`, `assembly_id`, `name`) VALUES (273, 35, 'Kavalam');
INSERT IGNORE INTO `local_bodies` (`id`, `assembly_id`, `name`) VALUES (274, 35, 'Muttar');
INSERT IGNORE INTO `local_bodies` (`id`, `assembly_id`, `name`) VALUES (275, 35, 'Nedumudi');
INSERT IGNORE INTO `local_bodies` (`id`, `assembly_id`, `name`) VALUES (276, 35, 'Neelamperoor');
INSERT IGNORE INTO `local_bodies` (`id`, `assembly_id`, `name`) VALUES (277, 35, 'Pulinkunnu');
INSERT IGNORE INTO `local_bodies` (`id`, `assembly_id`, `name`) VALUES (278, 35, 'Ramankary');
INSERT IGNORE INTO `local_bodies` (`id`, `assembly_id`, `name`) VALUES (279, 35, 'Thakazhy');
INSERT IGNORE INTO `local_bodies` (`id`, `assembly_id`, `name`) VALUES (280, 35, 'Thalavady');
INSERT IGNORE INTO `local_bodies` (`id`, `assembly_id`, `name`) VALUES (281, 35, 'Veliyanad Panchayats in Kuttanad Taluk');
INSERT IGNORE INTO `local_bodies` (`id`, `assembly_id`, `name`) VALUES (282, 35, 'Veeyapuram Panchayat in Karthikappally Taluk');
INSERT IGNORE INTO `assemblies` (`id`, `district_id`, `name`) VALUES (36, 4, 'Haripad');
INSERT IGNORE INTO `local_bodies` (`id`, `assembly_id`, `name`) VALUES (283, 36, 'Arattupuzha');
INSERT IGNORE INTO `local_bodies` (`id`, `assembly_id`, `name`) VALUES (284, 36, 'Cheppad');
INSERT IGNORE INTO `local_bodies` (`id`, `assembly_id`, `name`) VALUES (285, 36, 'Cheruthana');
INSERT IGNORE INTO `local_bodies` (`id`, `assembly_id`, `name`) VALUES (286, 36, 'Chingoli');
INSERT IGNORE INTO `local_bodies` (`id`, `assembly_id`, `name`) VALUES (287, 36, 'Haripad');
INSERT IGNORE INTO `local_bodies` (`id`, `assembly_id`, `name`) VALUES (288, 36, 'Karthikappally');
INSERT IGNORE INTO `local_bodies` (`id`, `assembly_id`, `name`) VALUES (289, 36, 'Karuvatta');
INSERT IGNORE INTO `local_bodies` (`id`, `assembly_id`, `name`) VALUES (290, 36, 'Kumarapuram');
INSERT IGNORE INTO `local_bodies` (`id`, `assembly_id`, `name`) VALUES (291, 36, 'Muthukulam');
INSERT IGNORE INTO `local_bodies` (`id`, `assembly_id`, `name`) VALUES (292, 36, 'Pallippad');
INSERT IGNORE INTO `local_bodies` (`id`, `assembly_id`, `name`) VALUES (293, 36, 'Thrikkunnapuzha');
INSERT IGNORE INTO `assemblies` (`id`, `district_id`, `name`) VALUES (37, 4, 'Kayamkulam');
INSERT IGNORE INTO `local_bodies` (`id`, `assembly_id`, `name`) VALUES (294, 37, 'Kayamkulam Municipality');
INSERT IGNORE INTO `local_bodies` (`id`, `assembly_id`, `name`) VALUES (295, 37, 'Devikulangara');
INSERT IGNORE INTO `local_bodies` (`id`, `assembly_id`, `name`) VALUES (296, 37, 'Kandalloor');
INSERT IGNORE INTO `local_bodies` (`id`, `assembly_id`, `name`) VALUES (297, 37, 'Krishnapuram');
INSERT IGNORE INTO `local_bodies` (`id`, `assembly_id`, `name`) VALUES (298, 37, 'Pathiyoor');
INSERT IGNORE INTO `local_bodies` (`id`, `assembly_id`, `name`) VALUES (299, 37, 'Bharanikkavu');
INSERT IGNORE INTO `local_bodies` (`id`, `assembly_id`, `name`) VALUES (300, 37, 'Chettikulangara');
INSERT IGNORE INTO `assemblies` (`id`, `district_id`, `name`) VALUES (38, 4, 'Mavelikkara');
INSERT IGNORE INTO `local_bodies` (`id`, `assembly_id`, `name`) VALUES (301, 38, 'Mavelikkara Municipality');
INSERT IGNORE INTO `local_bodies` (`id`, `assembly_id`, `name`) VALUES (302, 38, 'Chunakkara');
INSERT IGNORE INTO `local_bodies` (`id`, `assembly_id`, `name`) VALUES (303, 38, 'Mavelikkara–Thekkekara');
INSERT IGNORE INTO `local_bodies` (`id`, `assembly_id`, `name`) VALUES (304, 38, 'Mavelikkara-Thamarakkulam');
INSERT IGNORE INTO `local_bodies` (`id`, `assembly_id`, `name`) VALUES (305, 38, 'Nooranad');
INSERT IGNORE INTO `local_bodies` (`id`, `assembly_id`, `name`) VALUES (306, 38, 'Palamel');
INSERT IGNORE INTO `local_bodies` (`id`, `assembly_id`, `name`) VALUES (307, 38, 'Thazhakara');
INSERT IGNORE INTO `local_bodies` (`id`, `assembly_id`, `name`) VALUES (308, 38, 'Vallikunnam');
INSERT IGNORE INTO `assemblies` (`id`, `district_id`, `name`) VALUES (39, 4, 'Chengannur');
INSERT IGNORE INTO `local_bodies` (`id`, `assembly_id`, `name`) VALUES (309, 39, 'Chengannur Municipality');
INSERT IGNORE INTO `local_bodies` (`id`, `assembly_id`, `name`) VALUES (310, 39, 'Ala');
INSERT IGNORE INTO `local_bodies` (`id`, `assembly_id`, `name`) VALUES (311, 39, 'Budhanoor');
INSERT IGNORE INTO `local_bodies` (`id`, `assembly_id`, `name`) VALUES (312, 39, 'Cheriyanad');
INSERT IGNORE INTO `local_bodies` (`id`, `assembly_id`, `name`) VALUES (313, 39, 'Mannar');
INSERT IGNORE INTO `local_bodies` (`id`, `assembly_id`, `name`) VALUES (314, 39, 'Mulakuzha');
INSERT IGNORE INTO `local_bodies` (`id`, `assembly_id`, `name`) VALUES (315, 39, 'Pandanad');
INSERT IGNORE INTO `local_bodies` (`id`, `assembly_id`, `name`) VALUES (316, 39, 'Puliyoor');
INSERT IGNORE INTO `local_bodies` (`id`, `assembly_id`, `name`) VALUES (317, 39, 'Thiruvanvandoor');
INSERT IGNORE INTO `local_bodies` (`id`, `assembly_id`, `name`) VALUES (318, 39, 'Venmony');
INSERT IGNORE INTO `local_bodies` (`id`, `assembly_id`, `name`) VALUES (319, 39, 'Chennithala');
INSERT IGNORE INTO `local_bodies` (`id`, `assembly_id`, `name`) VALUES (320, 39, 'Thriperumthura');
INSERT IGNORE INTO `districts` (`id`, `name`) VALUES (5, 'Kottayam');
INSERT IGNORE INTO `assemblies` (`id`, `district_id`, `name`) VALUES (40, 5, 'Vaikom');
INSERT IGNORE INTO `local_bodies` (`id`, `assembly_id`, `name`) VALUES (321, 40, 'Vaikom Municipality');
INSERT IGNORE INTO `local_bodies` (`id`, `assembly_id`, `name`) VALUES (322, 40, 'Chempu');
INSERT IGNORE INTO `local_bodies` (`id`, `assembly_id`, `name`) VALUES (323, 40, 'Kallara');
INSERT IGNORE INTO `local_bodies` (`id`, `assembly_id`, `name`) VALUES (324, 40, 'Maravanthuruthu');
INSERT IGNORE INTO `local_bodies` (`id`, `assembly_id`, `name`) VALUES (325, 40, 'T.V. Puram');
INSERT IGNORE INTO `local_bodies` (`id`, `assembly_id`, `name`) VALUES (326, 40, 'Thalayazham');
INSERT IGNORE INTO `local_bodies` (`id`, `assembly_id`, `name`) VALUES (327, 40, 'Thalayolaparambu');
INSERT IGNORE INTO `local_bodies` (`id`, `assembly_id`, `name`) VALUES (328, 40, 'Udayanapuram');
INSERT IGNORE INTO `local_bodies` (`id`, `assembly_id`, `name`) VALUES (329, 40, 'Vechoor');
INSERT IGNORE INTO `local_bodies` (`id`, `assembly_id`, `name`) VALUES (330, 40, 'Velloor Panchayats in Vaikom Taluk');
INSERT IGNORE INTO `assemblies` (`id`, `district_id`, `name`) VALUES (41, 5, 'Ettumanoor');
INSERT IGNORE INTO `local_bodies` (`id`, `assembly_id`, `name`) VALUES (331, 41, 'Aymanam');
INSERT IGNORE INTO `local_bodies` (`id`, `assembly_id`, `name`) VALUES (332, 41, 'Arpookara');
INSERT IGNORE INTO `local_bodies` (`id`, `assembly_id`, `name`) VALUES (333, 41, 'Athirampuzha');
INSERT IGNORE INTO `local_bodies` (`id`, `assembly_id`, `name`) VALUES (334, 41, 'Ettumanoor');
INSERT IGNORE INTO `local_bodies` (`id`, `assembly_id`, `name`) VALUES (335, 41, 'Kumarakom');
INSERT IGNORE INTO `local_bodies` (`id`, `assembly_id`, `name`) VALUES (336, 41, 'Neendoor');
INSERT IGNORE INTO `local_bodies` (`id`, `assembly_id`, `name`) VALUES (337, 41, 'Thiruvarppu Panchayats in Kottayam Taluk');
INSERT IGNORE INTO `assemblies` (`id`, `district_id`, `name`) VALUES (42, 5, 'Kottayam');
INSERT IGNORE INTO `local_bodies` (`id`, `assembly_id`, `name`) VALUES (338, 42, 'Kottayam Municipality');
INSERT IGNORE INTO `local_bodies` (`id`, `assembly_id`, `name`) VALUES (339, 42, 'Kumaranalloor');
INSERT IGNORE INTO `local_bodies` (`id`, `assembly_id`, `name`) VALUES (340, 42, 'Nattakom');
INSERT IGNORE INTO `local_bodies` (`id`, `assembly_id`, `name`) VALUES (341, 42, 'Panachikkad');
INSERT IGNORE INTO `local_bodies` (`id`, `assembly_id`, `name`) VALUES (342, 42, 'Vijayapuram Panchayats in Kottayam Taluk');
INSERT IGNORE INTO `assemblies` (`id`, `district_id`, `name`) VALUES (43, 5, 'Puthuppally');
INSERT IGNORE INTO `local_bodies` (`id`, `assembly_id`, `name`) VALUES (343, 43, 'Akalakunnam');
INSERT IGNORE INTO `local_bodies` (`id`, `assembly_id`, `name`) VALUES (344, 43, 'Ayarkunnam');
INSERT IGNORE INTO `local_bodies` (`id`, `assembly_id`, `name`) VALUES (345, 43, 'Kooroppada');
INSERT IGNORE INTO `local_bodies` (`id`, `assembly_id`, `name`) VALUES (346, 43, 'Manarcad');
INSERT IGNORE INTO `local_bodies` (`id`, `assembly_id`, `name`) VALUES (347, 43, 'Meenadom');
INSERT IGNORE INTO `local_bodies` (`id`, `assembly_id`, `name`) VALUES (348, 43, 'Pampady');
INSERT IGNORE INTO `local_bodies` (`id`, `assembly_id`, `name`) VALUES (349, 43, 'Puthuppally Panchayats in Kottayam Taluk');
INSERT IGNORE INTO `local_bodies` (`id`, `assembly_id`, `name`) VALUES (350, 43, 'Vakathanam Panchayat in Changanassery Taluk');
INSERT IGNORE INTO `assemblies` (`id`, `district_id`, `name`) VALUES (44, 5, 'Changanassery');
INSERT IGNORE INTO `local_bodies` (`id`, `assembly_id`, `name`) VALUES (351, 44, 'Changanassery Municipality');
INSERT IGNORE INTO `local_bodies` (`id`, `assembly_id`, `name`) VALUES (352, 44, 'Kurichy');
INSERT IGNORE INTO `local_bodies` (`id`, `assembly_id`, `name`) VALUES (353, 44, 'Madappally');
INSERT IGNORE INTO `local_bodies` (`id`, `assembly_id`, `name`) VALUES (354, 44, 'Paippad');
INSERT IGNORE INTO `local_bodies` (`id`, `assembly_id`, `name`) VALUES (355, 44, 'Thrikkodithanam');
INSERT IGNORE INTO `local_bodies` (`id`, `assembly_id`, `name`) VALUES (356, 44, 'Vazhappally Panchayats in Changanassery Taluk');
INSERT IGNORE INTO `assemblies` (`id`, `district_id`, `name`) VALUES (45, 5, 'Kanjirappally');
INSERT IGNORE INTO `local_bodies` (`id`, `assembly_id`, `name`) VALUES (357, 45, 'Chirakkadavu');
INSERT IGNORE INTO `local_bodies` (`id`, `assembly_id`, `name`) VALUES (358, 45, 'Kanjirappally');
INSERT IGNORE INTO `local_bodies` (`id`, `assembly_id`, `name`) VALUES (359, 45, 'Manimala Panchayats in Kanjirappilly taluk');
INSERT IGNORE INTO `local_bodies` (`id`, `assembly_id`, `name`) VALUES (360, 45, 'Kangazha');
INSERT IGNORE INTO `local_bodies` (`id`, `assembly_id`, `name`) VALUES (361, 45, 'Karukachal');
INSERT IGNORE INTO `local_bodies` (`id`, `assembly_id`, `name`) VALUES (362, 45, 'Nedumkunnam');
INSERT IGNORE INTO `local_bodies` (`id`, `assembly_id`, `name`) VALUES (363, 45, 'Vazhoor');
INSERT IGNORE INTO `local_bodies` (`id`, `assembly_id`, `name`) VALUES (364, 45, 'Vellavoor Panchayats in Changanassery Taluk');
INSERT IGNORE INTO `local_bodies` (`id`, `assembly_id`, `name`) VALUES (365, 45, 'Pallikkathode Panchayat in Kottayam Taluk');
INSERT IGNORE INTO `assemblies` (`id`, `district_id`, `name`) VALUES (46, 5, 'Poonjar');
INSERT IGNORE INTO `local_bodies` (`id`, `assembly_id`, `name`) VALUES (366, 46, 'Erumeli');
INSERT IGNORE INTO `local_bodies` (`id`, `assembly_id`, `name`) VALUES (367, 46, 'Koottickal');
INSERT IGNORE INTO `local_bodies` (`id`, `assembly_id`, `name`) VALUES (368, 46, 'Mundakayam');
INSERT IGNORE INTO `local_bodies` (`id`, `assembly_id`, `name`) VALUES (369, 46, 'Parathode Panchayats in Kanjirappally Taluk');
INSERT IGNORE INTO `local_bodies` (`id`, `assembly_id`, `name`) VALUES (370, 46, 'Erattupetta');
INSERT IGNORE INTO `local_bodies` (`id`, `assembly_id`, `name`) VALUES (371, 46, 'Poonjar');
INSERT IGNORE INTO `local_bodies` (`id`, `assembly_id`, `name`) VALUES (372, 46, 'Poonjar Thekkekara');
INSERT IGNORE INTO `local_bodies` (`id`, `assembly_id`, `name`) VALUES (373, 46, 'Teekoy');
INSERT IGNORE INTO `local_bodies` (`id`, `assembly_id`, `name`) VALUES (374, 46, 'Thidanad Panchayats in Meenachil Taluk');
INSERT IGNORE INTO `assemblies` (`id`, `district_id`, `name`) VALUES (47, 5, 'Pala');
INSERT IGNORE INTO `local_bodies` (`id`, `assembly_id`, `name`) VALUES (375, 47, 'Pala Municipality');
INSERT IGNORE INTO `local_bodies` (`id`, `assembly_id`, `name`) VALUES (376, 47, 'Bharananganam');
INSERT IGNORE INTO `local_bodies` (`id`, `assembly_id`, `name`) VALUES (377, 47, 'Kadanad');
INSERT IGNORE INTO `local_bodies` (`id`, `assembly_id`, `name`) VALUES (378, 47, 'Karoor');
INSERT IGNORE INTO `local_bodies` (`id`, `assembly_id`, `name`) VALUES (379, 47, 'Kozhuvanal');
INSERT IGNORE INTO `local_bodies` (`id`, `assembly_id`, `name`) VALUES (380, 47, 'Meenachil');
INSERT IGNORE INTO `local_bodies` (`id`, `assembly_id`, `name`) VALUES (381, 47, 'Melukavu');
INSERT IGNORE INTO `local_bodies` (`id`, `assembly_id`, `name`) VALUES (382, 47, 'Moonnilavu');
INSERT IGNORE INTO `local_bodies` (`id`, `assembly_id`, `name`) VALUES (383, 47, 'Mutholy');
INSERT IGNORE INTO `local_bodies` (`id`, `assembly_id`, `name`) VALUES (384, 47, 'Ramapuram');
INSERT IGNORE INTO `local_bodies` (`id`, `assembly_id`, `name`) VALUES (385, 47, 'Thalanad');
INSERT IGNORE INTO `local_bodies` (`id`, `assembly_id`, `name`) VALUES (386, 47, 'Thalappalam Panchayats in Meenachil Taluk');
INSERT IGNORE INTO `local_bodies` (`id`, `assembly_id`, `name`) VALUES (387, 47, 'Elikkulam Panchayat in Kanjirappally Taluk');
INSERT IGNORE INTO `assemblies` (`id`, `district_id`, `name`) VALUES (48, 5, 'Kaduthuruthy');
INSERT IGNORE INTO `local_bodies` (`id`, `assembly_id`, `name`) VALUES (388, 48, 'Kadaplamattom');
INSERT IGNORE INTO `local_bodies` (`id`, `assembly_id`, `name`) VALUES (389, 48, 'Kanakkari');
INSERT IGNORE INTO `local_bodies` (`id`, `assembly_id`, `name`) VALUES (390, 48, 'Kidangoor');
INSERT IGNORE INTO `local_bodies` (`id`, `assembly_id`, `name`) VALUES (391, 48, 'Kuravilangad');
INSERT IGNORE INTO `local_bodies` (`id`, `assembly_id`, `name`) VALUES (392, 48, 'Marangattupilly');
INSERT IGNORE INTO `local_bodies` (`id`, `assembly_id`, `name`) VALUES (393, 48, 'Uzhavoor');
INSERT IGNORE INTO `local_bodies` (`id`, `assembly_id`, `name`) VALUES (394, 48, 'Veliyannoor Panchayats in Meenachil Taluk');
INSERT IGNORE INTO `local_bodies` (`id`, `assembly_id`, `name`) VALUES (395, 48, 'Kaduthuruthy');
INSERT IGNORE INTO `local_bodies` (`id`, `assembly_id`, `name`) VALUES (396, 48, 'Manjoor');
INSERT IGNORE INTO `local_bodies` (`id`, `assembly_id`, `name`) VALUES (397, 48, 'Mulakulam');
INSERT IGNORE INTO `local_bodies` (`id`, `assembly_id`, `name`) VALUES (398, 48, 'Neezhoor Panchayats in Vaikom taluk');
INSERT IGNORE INTO `districts` (`id`, `name`) VALUES (6, 'Idukki');
INSERT IGNORE INTO `assemblies` (`id`, `district_id`, `name`) VALUES (49, 6, 'Devikulam');
INSERT IGNORE INTO `local_bodies` (`id`, `assembly_id`, `name`) VALUES (399, 49, 'Adimali');
INSERT IGNORE INTO `local_bodies` (`id`, `assembly_id`, `name`) VALUES (400, 49, 'Kanthalloor');
INSERT IGNORE INTO `local_bodies` (`id`, `assembly_id`, `name`) VALUES (401, 49, 'Mankulam');
INSERT IGNORE INTO `local_bodies` (`id`, `assembly_id`, `name`) VALUES (402, 49, 'Marayoor');
INSERT IGNORE INTO `local_bodies` (`id`, `assembly_id`, `name`) VALUES (403, 49, 'Munnar');
INSERT IGNORE INTO `local_bodies` (`id`, `assembly_id`, `name`) VALUES (404, 49, 'Pallivasal');
INSERT IGNORE INTO `local_bodies` (`id`, `assembly_id`, `name`) VALUES (405, 49, 'Vattavada');
INSERT IGNORE INTO `local_bodies` (`id`, `assembly_id`, `name`) VALUES (406, 49, 'Vellathooval Panchayats in Devikulam taluk');
INSERT IGNORE INTO `local_bodies` (`id`, `assembly_id`, `name`) VALUES (407, 49, 'Bisonvalley');
INSERT IGNORE INTO `local_bodies` (`id`, `assembly_id`, `name`) VALUES (408, 49, 'Chinnakanal Panchayat in Udumbanchola Taluk');
INSERT IGNORE INTO `assemblies` (`id`, `district_id`, `name`) VALUES (50, 6, 'Udumbanchola');
INSERT IGNORE INTO `local_bodies` (`id`, `assembly_id`, `name`) VALUES (409, 50, 'Erattayar');
INSERT IGNORE INTO `local_bodies` (`id`, `assembly_id`, `name`) VALUES (410, 50, 'Karunapuram');
INSERT IGNORE INTO `local_bodies` (`id`, `assembly_id`, `name`) VALUES (411, 50, 'Nedumkandam');
INSERT IGNORE INTO `local_bodies` (`id`, `assembly_id`, `name`) VALUES (412, 50, 'Pampadumpara');
INSERT IGNORE INTO `local_bodies` (`id`, `assembly_id`, `name`) VALUES (413, 50, 'Rajakkad');
INSERT IGNORE INTO `local_bodies` (`id`, `assembly_id`, `name`) VALUES (414, 50, 'Rajakumari');
INSERT IGNORE INTO `local_bodies` (`id`, `assembly_id`, `name`) VALUES (415, 50, 'Santhanpara');
INSERT IGNORE INTO `local_bodies` (`id`, `assembly_id`, `name`) VALUES (416, 50, 'Senapathy');
INSERT IGNORE INTO `local_bodies` (`id`, `assembly_id`, `name`) VALUES (417, 50, 'Udumbanchola');
INSERT IGNORE INTO `local_bodies` (`id`, `assembly_id`, `name`) VALUES (418, 50, 'Vandanmedu Panchayats in Udumbanchola Taluk');
INSERT IGNORE INTO `assemblies` (`id`, `district_id`, `name`) VALUES (51, 6, 'Thodupuzha');
INSERT IGNORE INTO `local_bodies` (`id`, `assembly_id`, `name`) VALUES (419, 51, 'Thodupuzha Municipality');
INSERT IGNORE INTO `local_bodies` (`id`, `assembly_id`, `name`) VALUES (420, 51, 'Alacode');
INSERT IGNORE INTO `local_bodies` (`id`, `assembly_id`, `name`) VALUES (421, 51, 'Edavetty');
INSERT IGNORE INTO `local_bodies` (`id`, `assembly_id`, `name`) VALUES (422, 51, 'Karimannoor');
INSERT IGNORE INTO `local_bodies` (`id`, `assembly_id`, `name`) VALUES (423, 51, 'Karimkunnam');
INSERT IGNORE INTO `local_bodies` (`id`, `assembly_id`, `name`) VALUES (424, 51, 'Kodikulam');
INSERT IGNORE INTO `local_bodies` (`id`, `assembly_id`, `name`) VALUES (425, 51, 'Kumaramangalam');
INSERT IGNORE INTO `local_bodies` (`id`, `assembly_id`, `name`) VALUES (426, 51, 'Manakkad');
INSERT IGNORE INTO `local_bodies` (`id`, `assembly_id`, `name`) VALUES (427, 51, 'Muttom');
INSERT IGNORE INTO `local_bodies` (`id`, `assembly_id`, `name`) VALUES (428, 51, 'Purapuzha');
INSERT IGNORE INTO `local_bodies` (`id`, `assembly_id`, `name`) VALUES (429, 51, 'Udumbannoor');
INSERT IGNORE INTO `local_bodies` (`id`, `assembly_id`, `name`) VALUES (430, 51, 'Vannapuram');
INSERT IGNORE INTO `local_bodies` (`id`, `assembly_id`, `name`) VALUES (431, 51, 'Velliyamattom Panchayats in Thodupuzha Taluk');
INSERT IGNORE INTO `assemblies` (`id`, `district_id`, `name`) VALUES (52, 6, 'Idukki');
INSERT IGNORE INTO `local_bodies` (`id`, `assembly_id`, `name`) VALUES (432, 52, 'Arakkulam');
INSERT IGNORE INTO `local_bodies` (`id`, `assembly_id`, `name`) VALUES (433, 52, 'Idukki-Kanjikuzhi');
INSERT IGNORE INTO `local_bodies` (`id`, `assembly_id`, `name`) VALUES (434, 52, 'Kudayathoor');
INSERT IGNORE INTO `local_bodies` (`id`, `assembly_id`, `name`) VALUES (435, 52, 'Vazhathope Panchayats in Thodupuzha Taluk');
INSERT IGNORE INTO `local_bodies` (`id`, `assembly_id`, `name`) VALUES (436, 52, 'Kamakshy');
INSERT IGNORE INTO `local_bodies` (`id`, `assembly_id`, `name`) VALUES (437, 52, 'Kanchiyar');
INSERT IGNORE INTO `local_bodies` (`id`, `assembly_id`, `name`) VALUES (438, 52, 'Kattappana');
INSERT IGNORE INTO `local_bodies` (`id`, `assembly_id`, `name`) VALUES (439, 52, 'Konnathady');
INSERT IGNORE INTO `local_bodies` (`id`, `assembly_id`, `name`) VALUES (440, 52, 'Mariapuram');
INSERT IGNORE INTO `local_bodies` (`id`, `assembly_id`, `name`) VALUES (441, 52, 'Vathikudy Panchayats in Udumbanchola Taluk');
INSERT IGNORE INTO `assemblies` (`id`, `district_id`, `name`) VALUES (53, 6, 'Peerumade');
INSERT IGNORE INTO `local_bodies` (`id`, `assembly_id`, `name`) VALUES (442, 53, 'Ayyappancoil');
INSERT IGNORE INTO `local_bodies` (`id`, `assembly_id`, `name`) VALUES (443, 53, 'Chakkupallam Panchayats in Udumbanchola Taluk');
INSERT IGNORE INTO `local_bodies` (`id`, `assembly_id`, `name`) VALUES (444, 53, 'Elappara');
INSERT IGNORE INTO `local_bodies` (`id`, `assembly_id`, `name`) VALUES (445, 53, 'Kokkayar');
INSERT IGNORE INTO `local_bodies` (`id`, `assembly_id`, `name`) VALUES (446, 53, 'Kumily');
INSERT IGNORE INTO `local_bodies` (`id`, `assembly_id`, `name`) VALUES (447, 53, 'Peerumade');
INSERT IGNORE INTO `local_bodies` (`id`, `assembly_id`, `name`) VALUES (448, 53, 'Peruvanthanam');
INSERT IGNORE INTO `local_bodies` (`id`, `assembly_id`, `name`) VALUES (449, 53, 'Upputhara');
INSERT IGNORE INTO `local_bodies` (`id`, `assembly_id`, `name`) VALUES (450, 53, 'Vandiperiyar Panchayats in Peerumade Taluk');
INSERT IGNORE INTO `districts` (`id`, `name`) VALUES (7, 'Ernakulam');
INSERT IGNORE INTO `assemblies` (`id`, `district_id`, `name`) VALUES (54, 7, 'Perumbavoor');
INSERT IGNORE INTO `local_bodies` (`id`, `assembly_id`, `name`) VALUES (451, 54, 'Perumbavoor Municipality');
INSERT IGNORE INTO `local_bodies` (`id`, `assembly_id`, `name`) VALUES (452, 54, 'Asamannoor');
INSERT IGNORE INTO `local_bodies` (`id`, `assembly_id`, `name`) VALUES (453, 54, 'Koovappady');
INSERT IGNORE INTO `local_bodies` (`id`, `assembly_id`, `name`) VALUES (454, 54, 'Mudakkuzha');
INSERT IGNORE INTO `local_bodies` (`id`, `assembly_id`, `name`) VALUES (455, 54, 'Okkal');
INSERT IGNORE INTO `local_bodies` (`id`, `assembly_id`, `name`) VALUES (456, 54, 'Rayamangalam');
INSERT IGNORE INTO `local_bodies` (`id`, `assembly_id`, `name`) VALUES (457, 54, 'Vengola');
INSERT IGNORE INTO `local_bodies` (`id`, `assembly_id`, `name`) VALUES (458, 54, 'Vengoor Panchayats in Kunnathunad Taluk');
INSERT IGNORE INTO `assemblies` (`id`, `district_id`, `name`) VALUES (55, 7, 'Angamaly');
INSERT IGNORE INTO `local_bodies` (`id`, `assembly_id`, `name`) VALUES (459, 55, 'Angamaly Municipality');
INSERT IGNORE INTO `local_bodies` (`id`, `assembly_id`, `name`) VALUES (460, 55, 'Ayyampuzha');
INSERT IGNORE INTO `local_bodies` (`id`, `assembly_id`, `name`) VALUES (461, 55, 'Kalady');
INSERT IGNORE INTO `local_bodies` (`id`, `assembly_id`, `name`) VALUES (462, 55, 'Karukutty');
INSERT IGNORE INTO `local_bodies` (`id`, `assembly_id`, `name`) VALUES (463, 55, 'Malayattoor-Neeleswaram');
INSERT IGNORE INTO `local_bodies` (`id`, `assembly_id`, `name`) VALUES (464, 55, 'Manjapra');
INSERT IGNORE INTO `local_bodies` (`id`, `assembly_id`, `name`) VALUES (465, 55, 'Mookkannoor');
INSERT IGNORE INTO `local_bodies` (`id`, `assembly_id`, `name`) VALUES (466, 55, 'Parakkadavu');
INSERT IGNORE INTO `local_bodies` (`id`, `assembly_id`, `name`) VALUES (467, 55, 'Thuravoor Panchayats in Aluva Taluk');
INSERT IGNORE INTO `assemblies` (`id`, `district_id`, `name`) VALUES (56, 7, 'Aluva');
INSERT IGNORE INTO `local_bodies` (`id`, `assembly_id`, `name`) VALUES (468, 56, 'Aluva Municipality');
INSERT IGNORE INTO `local_bodies` (`id`, `assembly_id`, `name`) VALUES (469, 56, 'Chengamanad');
INSERT IGNORE INTO `local_bodies` (`id`, `assembly_id`, `name`) VALUES (470, 56, 'Choornikkara');
INSERT IGNORE INTO `local_bodies` (`id`, `assembly_id`, `name`) VALUES (471, 56, 'Edathala');
INSERT IGNORE INTO `local_bodies` (`id`, `assembly_id`, `name`) VALUES (472, 56, 'Kanjoor');
INSERT IGNORE INTO `local_bodies` (`id`, `assembly_id`, `name`) VALUES (473, 56, 'Keezhmad');
INSERT IGNORE INTO `local_bodies` (`id`, `assembly_id`, `name`) VALUES (474, 56, 'Nedumbassery');
INSERT IGNORE INTO `local_bodies` (`id`, `assembly_id`, `name`) VALUES (475, 56, 'Sreemolnagaram Panchayats in Aluva Taluk');
INSERT IGNORE INTO `assemblies` (`id`, `district_id`, `name`) VALUES (57, 7, 'Kalamassery');
INSERT IGNORE INTO `local_bodies` (`id`, `assembly_id`, `name`) VALUES (476, 57, 'Kalamassery Municipality in Kanayannur Taluk');
INSERT IGNORE INTO `local_bodies` (`id`, `assembly_id`, `name`) VALUES (477, 57, 'Alangad');
INSERT IGNORE INTO `local_bodies` (`id`, `assembly_id`, `name`) VALUES (478, 57, 'Eloor');
INSERT IGNORE INTO `local_bodies` (`id`, `assembly_id`, `name`) VALUES (479, 57, 'Kadungalloor');
INSERT IGNORE INTO `local_bodies` (`id`, `assembly_id`, `name`) VALUES (480, 57, 'Kunnukara');
INSERT IGNORE INTO `local_bodies` (`id`, `assembly_id`, `name`) VALUES (481, 57, 'Karumalloor Panchayats in Paravoor Taluk');
INSERT IGNORE INTO `assemblies` (`id`, `district_id`, `name`) VALUES (58, 7, 'Paravur');
INSERT IGNORE INTO `local_bodies` (`id`, `assembly_id`, `name`) VALUES (482, 58, 'North Paravur Municipality');
INSERT IGNORE INTO `local_bodies` (`id`, `assembly_id`, `name`) VALUES (483, 58, 'Chendamangalam');
INSERT IGNORE INTO `local_bodies` (`id`, `assembly_id`, `name`) VALUES (484, 58, 'Chittattukara');
INSERT IGNORE INTO `local_bodies` (`id`, `assembly_id`, `name`) VALUES (485, 58, 'Ezhikkara');
INSERT IGNORE INTO `local_bodies` (`id`, `assembly_id`, `name`) VALUES (486, 58, 'Kottuvally');
INSERT IGNORE INTO `local_bodies` (`id`, `assembly_id`, `name`) VALUES (487, 58, 'Puthenvelikkara');
INSERT IGNORE INTO `local_bodies` (`id`, `assembly_id`, `name`) VALUES (488, 58, 'Varappuzha');
INSERT IGNORE INTO `local_bodies` (`id`, `assembly_id`, `name`) VALUES (489, 58, 'Vadakkekara Panchayats in Paravoor Taluk');
INSERT IGNORE INTO `assemblies` (`id`, `district_id`, `name`) VALUES (59, 7, 'Vypeen');
INSERT IGNORE INTO `local_bodies` (`id`, `assembly_id`, `name`) VALUES (490, 59, 'Kadamakudy');
INSERT IGNORE INTO `local_bodies` (`id`, `assembly_id`, `name`) VALUES (491, 59, 'Mulavukad Panchayats in Kanayannur Taluk');
INSERT IGNORE INTO `local_bodies` (`id`, `assembly_id`, `name`) VALUES (492, 59, 'Edavanakkad');
INSERT IGNORE INTO `local_bodies` (`id`, `assembly_id`, `name`) VALUES (493, 59, 'Elamkunnapuzha');
INSERT IGNORE INTO `local_bodies` (`id`, `assembly_id`, `name`) VALUES (494, 59, 'Kuzhuppilly');
INSERT IGNORE INTO `local_bodies` (`id`, `assembly_id`, `name`) VALUES (495, 59, 'Nayarambalam');
INSERT IGNORE INTO `local_bodies` (`id`, `assembly_id`, `name`) VALUES (496, 59, 'Njarakkal');
INSERT IGNORE INTO `local_bodies` (`id`, `assembly_id`, `name`) VALUES (497, 59, 'Pallippuram Panchayats in Kochi Taluk');
INSERT IGNORE INTO `assemblies` (`id`, `district_id`, `name`) VALUES (60, 7, 'Kochi');
INSERT IGNORE INTO `local_bodies` (`id`, `assembly_id`, `name`) VALUES (498, 60, 'Kumbalangi');
INSERT IGNORE INTO `local_bodies` (`id`, `assembly_id`, `name`) VALUES (499, 60, 'Chellanam Panchayats');
INSERT IGNORE INTO `local_bodies` (`id`, `assembly_id`, `name`) VALUES (500, 60, 'Wards No.1 to 10 and 19 to 25 of Kochi (M.Corporation) in Kochi Taluk');
INSERT IGNORE INTO `assemblies` (`id`, `district_id`, `name`) VALUES (61, 7, 'Thripunithura');
INSERT IGNORE INTO `local_bodies` (`id`, `assembly_id`, `name`) VALUES (501, 61, 'Thripunithura Municipality');
INSERT IGNORE INTO `local_bodies` (`id`, `assembly_id`, `name`) VALUES (502, 61, 'Kumbalam');
INSERT IGNORE INTO `local_bodies` (`id`, `assembly_id`, `name`) VALUES (503, 61, 'Maradu');
INSERT IGNORE INTO `local_bodies` (`id`, `assembly_id`, `name`) VALUES (504, 61, 'Udayamperoor Panchayats in Kanayannur Taluk');
INSERT IGNORE INTO `local_bodies` (`id`, `assembly_id`, `name`) VALUES (505, 61, 'Wards No.11 to 18 of Kochi (M.Corporation) in Kochi Taluk');
INSERT IGNORE INTO `assemblies` (`id`, `district_id`, `name`) VALUES (62, 7, 'Ernakulam');
INSERT IGNORE INTO `local_bodies` (`id`, `assembly_id`, `name`) VALUES (506, 62, 'Ward No.26 of Kochi (M.Corporation) in Kochi Taluk');
INSERT IGNORE INTO `local_bodies` (`id`, `assembly_id`, `name`) VALUES (507, 62, 'Cheranalloor Panchayat in Kanayannur Taluk');
INSERT IGNORE INTO `local_bodies` (`id`, `assembly_id`, `name`) VALUES (508, 62, 'Wards No.27 to 30, 32, 35 & 52 to 66 of Kochi (M.Corporation) in Kanayannur Taluk');
INSERT IGNORE INTO `assemblies` (`id`, `district_id`, `name`) VALUES (63, 7, 'Thrikkakara');
INSERT IGNORE INTO `local_bodies` (`id`, `assembly_id`, `name`) VALUES (509, 63, 'Wards No.31, 33, 34 & 36 to 51 of Kochi (M.Corporation)');
INSERT IGNORE INTO `local_bodies` (`id`, `assembly_id`, `name`) VALUES (510, 63, 'Thrikkakara Panchayat in Kanayannur Taluk');
INSERT IGNORE INTO `assemblies` (`id`, `district_id`, `name`) VALUES (64, 7, 'Kunnathunad');
INSERT IGNORE INTO `local_bodies` (`id`, `assembly_id`, `name`) VALUES (511, 64, 'Aikaranad');
INSERT IGNORE INTO `local_bodies` (`id`, `assembly_id`, `name`) VALUES (512, 64, 'Kizhakkambalam');
INSERT IGNORE INTO `local_bodies` (`id`, `assembly_id`, `name`) VALUES (513, 64, 'Kunnathunad');
INSERT IGNORE INTO `local_bodies` (`id`, `assembly_id`, `name`) VALUES (514, 64, 'Mazhuvannoor');
INSERT IGNORE INTO `local_bodies` (`id`, `assembly_id`, `name`) VALUES (515, 64, 'Poothrikka');
INSERT IGNORE INTO `local_bodies` (`id`, `assembly_id`, `name`) VALUES (516, 64, 'Thiruvaniyoor');
INSERT IGNORE INTO `local_bodies` (`id`, `assembly_id`, `name`) VALUES (517, 64, 'Vadavucode-Puthencruz');
INSERT IGNORE INTO `local_bodies` (`id`, `assembly_id`, `name`) VALUES (518, 64, 'Vazhakulam Panchayats in Kunnathunad Taluk');
INSERT IGNORE INTO `assemblies` (`id`, `district_id`, `name`) VALUES (65, 7, 'Piravom');
INSERT IGNORE INTO `local_bodies` (`id`, `assembly_id`, `name`) VALUES (519, 65, 'Amballoor');
INSERT IGNORE INTO `local_bodies` (`id`, `assembly_id`, `name`) VALUES (520, 65, 'Edakkattuvayal');
INSERT IGNORE INTO `local_bodies` (`id`, `assembly_id`, `name`) VALUES (521, 65, 'Chottanikkara');
INSERT IGNORE INTO `local_bodies` (`id`, `assembly_id`, `name`) VALUES (522, 65, 'Mulanthuruthy');
INSERT IGNORE INTO `local_bodies` (`id`, `assembly_id`, `name`) VALUES (523, 65, 'Thiruvankulam Panchayat in Kanayannur Taluk');
INSERT IGNORE INTO `local_bodies` (`id`, `assembly_id`, `name`) VALUES (524, 65, 'Elanji');
INSERT IGNORE INTO `local_bodies` (`id`, `assembly_id`, `name`) VALUES (525, 65, 'Koothattukulam');
INSERT IGNORE INTO `local_bodies` (`id`, `assembly_id`, `name`) VALUES (526, 65, 'Maneed');
INSERT IGNORE INTO `local_bodies` (`id`, `assembly_id`, `name`) VALUES (527, 65, 'Pampakuda');
INSERT IGNORE INTO `local_bodies` (`id`, `assembly_id`, `name`) VALUES (528, 65, 'Piravom');
INSERT IGNORE INTO `local_bodies` (`id`, `assembly_id`, `name`) VALUES (529, 65, 'Ramamangalam');
INSERT IGNORE INTO `local_bodies` (`id`, `assembly_id`, `name`) VALUES (530, 65, 'Thirumarady Panchayats in Muvattupuzha Taluk');
INSERT IGNORE INTO `assemblies` (`id`, `district_id`, `name`) VALUES (66, 7, 'Muvattupuzha');
INSERT IGNORE INTO `local_bodies` (`id`, `assembly_id`, `name`) VALUES (531, 66, 'Muvattupuzha Municipality');
INSERT IGNORE INTO `local_bodies` (`id`, `assembly_id`, `name`) VALUES (532, 66, 'Arakuzha');
INSERT IGNORE INTO `local_bodies` (`id`, `assembly_id`, `name`) VALUES (533, 66, 'Avoly');
INSERT IGNORE INTO `local_bodies` (`id`, `assembly_id`, `name`) VALUES (534, 66, 'Ayavana');
INSERT IGNORE INTO `local_bodies` (`id`, `assembly_id`, `name`) VALUES (535, 66, 'Kalloorkad');
INSERT IGNORE INTO `local_bodies` (`id`, `assembly_id`, `name`) VALUES (536, 66, 'Manjalloor');
INSERT IGNORE INTO `local_bodies` (`id`, `assembly_id`, `name`) VALUES (537, 66, 'Marady');
INSERT IGNORE INTO `local_bodies` (`id`, `assembly_id`, `name`) VALUES (538, 66, 'Paipra');
INSERT IGNORE INTO `local_bodies` (`id`, `assembly_id`, `name`) VALUES (539, 66, 'Palakkuzha');
INSERT IGNORE INTO `local_bodies` (`id`, `assembly_id`, `name`) VALUES (540, 66, 'Valakom Panchayats in Muvattupuzha Taluk');
INSERT IGNORE INTO `local_bodies` (`id`, `assembly_id`, `name`) VALUES (541, 66, 'Paingottoor');
INSERT IGNORE INTO `local_bodies` (`id`, `assembly_id`, `name`) VALUES (542, 66, 'Pothanicad Panchayats in Kothamangalam Taluk');
INSERT IGNORE INTO `assemblies` (`id`, `district_id`, `name`) VALUES (67, 7, 'Kothamangalam');
INSERT IGNORE INTO `local_bodies` (`id`, `assembly_id`, `name`) VALUES (543, 67, 'Kothamangalam Municipality');
INSERT IGNORE INTO `local_bodies` (`id`, `assembly_id`, `name`) VALUES (544, 67, 'Kavalangad');
INSERT IGNORE INTO `local_bodies` (`id`, `assembly_id`, `name`) VALUES (545, 67, 'Keerampara');
INSERT IGNORE INTO `local_bodies` (`id`, `assembly_id`, `name`) VALUES (546, 67, 'Kottappady');
INSERT IGNORE INTO `local_bodies` (`id`, `assembly_id`, `name`) VALUES (547, 67, 'Kuttampuzha');
INSERT IGNORE INTO `local_bodies` (`id`, `assembly_id`, `name`) VALUES (548, 67, 'Nellikkuzhi');
INSERT IGNORE INTO `local_bodies` (`id`, `assembly_id`, `name`) VALUES (549, 67, 'Pallarimangalam');
INSERT IGNORE INTO `local_bodies` (`id`, `assembly_id`, `name`) VALUES (550, 67, 'Pindimana');
INSERT IGNORE INTO `local_bodies` (`id`, `assembly_id`, `name`) VALUES (551, 67, 'Varappetty Panchayats in Kothamangalam Taluk');
INSERT IGNORE INTO `districts` (`id`, `name`) VALUES (8, 'Thrissur');
INSERT IGNORE INTO `assemblies` (`id`, `district_id`, `name`) VALUES (68, 8, 'Ollur');
INSERT IGNORE INTO `local_bodies` (`id`, `assembly_id`, `name`) VALUES (552, 68, 'Madakkathara');
INSERT IGNORE INTO `local_bodies` (`id`, `assembly_id`, `name`) VALUES (553, 68, 'Nadathara');
INSERT IGNORE INTO `local_bodies` (`id`, `assembly_id`, `name`) VALUES (554, 68, 'Pananchery');
INSERT IGNORE INTO `local_bodies` (`id`, `assembly_id`, `name`) VALUES (555, 68, 'Puthur Panchayats');
INSERT IGNORE INTO `local_bodies` (`id`, `assembly_id`, `name`) VALUES (556, 68, 'Wards No.12, 13, 23 to 31, 40 to 42 of Thrissur');
INSERT IGNORE INTO `assemblies` (`id`, `district_id`, `name`) VALUES (69, 8, 'Thrissur');
INSERT IGNORE INTO `local_bodies` (`id`, `assembly_id`, `name`) VALUES (557, 69, 'Wards No.1 to 11, 14 to 22, 32 to 39 & 43 to 50 of Thrissur (M. Corporation) in Thrissur Taluk');
INSERT IGNORE INTO `assemblies` (`id`, `district_id`, `name`) VALUES (70, 8, 'Nattika');
INSERT IGNORE INTO `local_bodies` (`id`, `assembly_id`, `name`) VALUES (558, 70, 'Anthikkad');
INSERT IGNORE INTO `local_bodies` (`id`, `assembly_id`, `name`) VALUES (559, 70, 'Avinissery');
INSERT IGNORE INTO `local_bodies` (`id`, `assembly_id`, `name`) VALUES (560, 70, 'Chazhoor');
INSERT IGNORE INTO `local_bodies` (`id`, `assembly_id`, `name`) VALUES (561, 70, 'Cherpu');
INSERT IGNORE INTO `local_bodies` (`id`, `assembly_id`, `name`) VALUES (562, 70, 'Paralam');
INSERT IGNORE INTO `local_bodies` (`id`, `assembly_id`, `name`) VALUES (563, 70, 'Thanniyam Panchayats in Thrissur Taluk');
INSERT IGNORE INTO `local_bodies` (`id`, `assembly_id`, `name`) VALUES (564, 70, 'Nattika');
INSERT IGNORE INTO `local_bodies` (`id`, `assembly_id`, `name`) VALUES (565, 70, 'Valappad');
INSERT IGNORE INTO `local_bodies` (`id`, `assembly_id`, `name`) VALUES (566, 70, 'Talikkulam Panchayats in Chavakkad Taluk');
INSERT IGNORE INTO `assemblies` (`id`, `district_id`, `name`) VALUES (71, 8, 'Kaipamangalam');
INSERT IGNORE INTO `local_bodies` (`id`, `assembly_id`, `name`) VALUES (567, 71, 'Edavilangu');
INSERT IGNORE INTO `local_bodies` (`id`, `assembly_id`, `name`) VALUES (568, 71, 'Edathiruthy');
INSERT IGNORE INTO `local_bodies` (`id`, `assembly_id`, `name`) VALUES (569, 71, 'Eriyad');
INSERT IGNORE INTO `local_bodies` (`id`, `assembly_id`, `name`) VALUES (570, 71, 'Kaipamangalam');
INSERT IGNORE INTO `local_bodies` (`id`, `assembly_id`, `name`) VALUES (571, 71, 'Mathilakam');
INSERT IGNORE INTO `local_bodies` (`id`, `assembly_id`, `name`) VALUES (572, 71, 'Perinjanam');
INSERT IGNORE INTO `local_bodies` (`id`, `assembly_id`, `name`) VALUES (573, 71, 'Sreenarayanapuram Panchayats in Kodungallor Taluk');
INSERT IGNORE INTO `assemblies` (`id`, `district_id`, `name`) VALUES (72, 8, 'Irinjalakuda');
INSERT IGNORE INTO `local_bodies` (`id`, `assembly_id`, `name`) VALUES (574, 72, 'Irinjalakuda Municipality');
INSERT IGNORE INTO `local_bodies` (`id`, `assembly_id`, `name`) VALUES (575, 72, 'Alur');
INSERT IGNORE INTO `local_bodies` (`id`, `assembly_id`, `name`) VALUES (576, 72, 'Karalam');
INSERT IGNORE INTO `local_bodies` (`id`, `assembly_id`, `name`) VALUES (577, 72, 'Kattur');
INSERT IGNORE INTO `local_bodies` (`id`, `assembly_id`, `name`) VALUES (578, 72, 'Muriyad');
INSERT IGNORE INTO `local_bodies` (`id`, `assembly_id`, `name`) VALUES (579, 72, 'Padiyur');
INSERT IGNORE INTO `local_bodies` (`id`, `assembly_id`, `name`) VALUES (580, 72, 'Poomangalam');
INSERT IGNORE INTO `local_bodies` (`id`, `assembly_id`, `name`) VALUES (581, 72, 'Porathissery');
INSERT IGNORE INTO `local_bodies` (`id`, `assembly_id`, `name`) VALUES (582, 72, 'Velookkara Panchayats in Mukundapuram Taluk');
INSERT IGNORE INTO `assemblies` (`id`, `district_id`, `name`) VALUES (73, 8, 'Puthukkad');
INSERT IGNORE INTO `local_bodies` (`id`, `assembly_id`, `name`) VALUES (583, 73, 'Alagappanagar');
INSERT IGNORE INTO `local_bodies` (`id`, `assembly_id`, `name`) VALUES (584, 73, 'Mattathur');
INSERT IGNORE INTO `local_bodies` (`id`, `assembly_id`, `name`) VALUES (585, 73, 'Nenmanikkara');
INSERT IGNORE INTO `local_bodies` (`id`, `assembly_id`, `name`) VALUES (586, 73, 'Parappukkara');
INSERT IGNORE INTO `local_bodies` (`id`, `assembly_id`, `name`) VALUES (587, 73, 'Puthukkad');
INSERT IGNORE INTO `local_bodies` (`id`, `assembly_id`, `name`) VALUES (588, 73, 'Varandarappilly');
INSERT IGNORE INTO `local_bodies` (`id`, `assembly_id`, `name`) VALUES (589, 73, 'Trikkur Panchayats in Mukundapuram Taluk');
INSERT IGNORE INTO `local_bodies` (`id`, `assembly_id`, `name`) VALUES (590, 73, 'Vallachira Panchayat in Thrissur Taluk');
INSERT IGNORE INTO `assemblies` (`id`, `district_id`, `name`) VALUES (74, 8, 'Chalakudy');
INSERT IGNORE INTO `local_bodies` (`id`, `assembly_id`, `name`) VALUES (591, 74, 'Chalakkudy Municipality');
INSERT IGNORE INTO `local_bodies` (`id`, `assembly_id`, `name`) VALUES (592, 74, 'Athirappilly');
INSERT IGNORE INTO `local_bodies` (`id`, `assembly_id`, `name`) VALUES (593, 74, 'Kadukutty');
INSERT IGNORE INTO `local_bodies` (`id`, `assembly_id`, `name`) VALUES (594, 74, 'Kodakara');
INSERT IGNORE INTO `local_bodies` (`id`, `assembly_id`, `name`) VALUES (595, 74, 'Kodassery');
INSERT IGNORE INTO `local_bodies` (`id`, `assembly_id`, `name`) VALUES (596, 74, 'Koratty');
INSERT IGNORE INTO `local_bodies` (`id`, `assembly_id`, `name`) VALUES (597, 74, 'Melur');
INSERT IGNORE INTO `local_bodies` (`id`, `assembly_id`, `name`) VALUES (598, 74, 'Pariyaram Panchayats in Mukundapuram Taluk');
INSERT IGNORE INTO `assemblies` (`id`, `district_id`, `name`) VALUES (75, 8, 'Kodungallur');
INSERT IGNORE INTO `local_bodies` (`id`, `assembly_id`, `name`) VALUES (599, 75, 'Kodungallur Municipality');
INSERT IGNORE INTO `local_bodies` (`id`, `assembly_id`, `name`) VALUES (600, 75, 'Methala');
INSERT IGNORE INTO `local_bodies` (`id`, `assembly_id`, `name`) VALUES (601, 75, 'Poyya Panchayats in Kodungaloor Taluk');
INSERT IGNORE INTO `local_bodies` (`id`, `assembly_id`, `name`) VALUES (602, 75, 'Annamanada');
INSERT IGNORE INTO `local_bodies` (`id`, `assembly_id`, `name`) VALUES (603, 75, 'Kuzhur');
INSERT IGNORE INTO `local_bodies` (`id`, `assembly_id`, `name`) VALUES (604, 75, 'Mala');
INSERT IGNORE INTO `local_bodies` (`id`, `assembly_id`, `name`) VALUES (605, 75, 'Puthenchira');
INSERT IGNORE INTO `local_bodies` (`id`, `assembly_id`, `name`) VALUES (606, 75, 'Vellangallur Panchayats in Mukundapuram Taluk');
INSERT IGNORE INTO `assemblies` (`id`, `district_id`, `name`) VALUES (76, 8, 'Chelakkara');
INSERT IGNORE INTO `local_bodies` (`id`, `assembly_id`, `name`) VALUES (607, 76, 'Chelakkara');
INSERT IGNORE INTO `local_bodies` (`id`, `assembly_id`, `name`) VALUES (608, 76, 'Desamangalam');
INSERT IGNORE INTO `local_bodies` (`id`, `assembly_id`, `name`) VALUES (609, 76, 'Kondazhy');
INSERT IGNORE INTO `local_bodies` (`id`, `assembly_id`, `name`) VALUES (610, 76, 'Mullurkara');
INSERT IGNORE INTO `local_bodies` (`id`, `assembly_id`, `name`) VALUES (611, 76, 'Panjal');
INSERT IGNORE INTO `local_bodies` (`id`, `assembly_id`, `name`) VALUES (612, 76, 'Pazhayannur');
INSERT IGNORE INTO `local_bodies` (`id`, `assembly_id`, `name`) VALUES (613, 76, 'Thiruvilwamala');
INSERT IGNORE INTO `local_bodies` (`id`, `assembly_id`, `name`) VALUES (614, 76, 'Vallatholenagar');
INSERT IGNORE INTO `local_bodies` (`id`, `assembly_id`, `name`) VALUES (615, 76, 'Varavoor Panchayats in Thalappilly Taluk');
INSERT IGNORE INTO `assemblies` (`id`, `district_id`, `name`) VALUES (77, 8, 'Kunnamkulam');
INSERT IGNORE INTO `local_bodies` (`id`, `assembly_id`, `name`) VALUES (616, 77, 'Kunnamkulam Municipality');
INSERT IGNORE INTO `local_bodies` (`id`, `assembly_id`, `name`) VALUES (617, 77, 'Chowannur');
INSERT IGNORE INTO `local_bodies` (`id`, `assembly_id`, `name`) VALUES (618, 77, 'Erumapetty');
INSERT IGNORE INTO `local_bodies` (`id`, `assembly_id`, `name`) VALUES (619, 77, 'Kadangode');
INSERT IGNORE INTO `local_bodies` (`id`, `assembly_id`, `name`) VALUES (620, 77, 'Kadavallur');
INSERT IGNORE INTO `local_bodies` (`id`, `assembly_id`, `name`) VALUES (621, 77, 'Kattakampal');
INSERT IGNORE INTO `local_bodies` (`id`, `assembly_id`, `name`) VALUES (622, 77, 'Porkulam');
INSERT IGNORE INTO `local_bodies` (`id`, `assembly_id`, `name`) VALUES (623, 77, 'Velur Panchayats in Thalappilly Taluk');
INSERT IGNORE INTO `assemblies` (`id`, `district_id`, `name`) VALUES (78, 8, 'Guruvayoor');
INSERT IGNORE INTO `local_bodies` (`id`, `assembly_id`, `name`) VALUES (624, 78, 'Chavakkad Municipality');
INSERT IGNORE INTO `local_bodies` (`id`, `assembly_id`, `name`) VALUES (625, 78, 'Guruvayoor Municipality');
INSERT IGNORE INTO `local_bodies` (`id`, `assembly_id`, `name`) VALUES (626, 78, 'Kadappuram');
INSERT IGNORE INTO `local_bodies` (`id`, `assembly_id`, `name`) VALUES (627, 78, 'Orumanayur');
INSERT IGNORE INTO `local_bodies` (`id`, `assembly_id`, `name`) VALUES (628, 78, 'Pookode');
INSERT IGNORE INTO `local_bodies` (`id`, `assembly_id`, `name`) VALUES (629, 78, 'Punnayur');
INSERT IGNORE INTO `local_bodies` (`id`, `assembly_id`, `name`) VALUES (630, 78, 'Punnayurkulam');
INSERT IGNORE INTO `local_bodies` (`id`, `assembly_id`, `name`) VALUES (631, 78, 'Engandiyur');
INSERT IGNORE INTO `local_bodies` (`id`, `assembly_id`, `name`) VALUES (632, 78, 'Vadakkekad Panchayats in Chavakkad Taluk');
INSERT IGNORE INTO `assemblies` (`id`, `district_id`, `name`) VALUES (79, 8, 'Manalur');
INSERT IGNORE INTO `local_bodies` (`id`, `assembly_id`, `name`) VALUES (633, 79, 'Arimpur');
INSERT IGNORE INTO `local_bodies` (`id`, `assembly_id`, `name`) VALUES (634, 79, 'Manalur Panchayats in Thrissur Taluk');
INSERT IGNORE INTO `local_bodies` (`id`, `assembly_id`, `name`) VALUES (635, 79, 'Choondal');
INSERT IGNORE INTO `local_bodies` (`id`, `assembly_id`, `name`) VALUES (636, 79, 'Kandanassery Panchayats in Thalappilly Taluk');
INSERT IGNORE INTO `local_bodies` (`id`, `assembly_id`, `name`) VALUES (637, 79, 'Elavally');
INSERT IGNORE INTO `local_bodies` (`id`, `assembly_id`, `name`) VALUES (638, 79, 'Mullassery');
INSERT IGNORE INTO `local_bodies` (`id`, `assembly_id`, `name`) VALUES (639, 79, 'Vatanappally');
INSERT IGNORE INTO `local_bodies` (`id`, `assembly_id`, `name`) VALUES (640, 79, 'Pavaratty');
INSERT IGNORE INTO `local_bodies` (`id`, `assembly_id`, `name`) VALUES (641, 79, 'Thaikkad');
INSERT IGNORE INTO `local_bodies` (`id`, `assembly_id`, `name`) VALUES (642, 79, 'Venkitangu Panchayats in Chavakkad Taluk');
INSERT IGNORE INTO `assemblies` (`id`, `district_id`, `name`) VALUES (80, 8, 'Wadakkanchery');
INSERT IGNORE INTO `local_bodies` (`id`, `assembly_id`, `name`) VALUES (643, 80, 'Adat');
INSERT IGNORE INTO `local_bodies` (`id`, `assembly_id`, `name`) VALUES (644, 80, 'Avanur');
INSERT IGNORE INTO `local_bodies` (`id`, `assembly_id`, `name`) VALUES (645, 80, 'Kaiparamba');
INSERT IGNORE INTO `local_bodies` (`id`, `assembly_id`, `name`) VALUES (646, 80, 'Kolazhy');
INSERT IGNORE INTO `local_bodies` (`id`, `assembly_id`, `name`) VALUES (647, 80, 'Mulamkunnathukavu');
INSERT IGNORE INTO `local_bodies` (`id`, `assembly_id`, `name`) VALUES (648, 80, 'Tholur Panchayats in Thrissur Taluk');
INSERT IGNORE INTO `local_bodies` (`id`, `assembly_id`, `name`) VALUES (649, 80, 'Mundathikode');
INSERT IGNORE INTO `local_bodies` (`id`, `assembly_id`, `name`) VALUES (650, 80, 'Wadakkanchery');
INSERT IGNORE INTO `local_bodies` (`id`, `assembly_id`, `name`) VALUES (651, 80, 'Thekkumkara Panchayats in Thalappilly Taluk');
INSERT IGNORE INTO `districts` (`id`, `name`) VALUES (9, 'Palakkad');
INSERT IGNORE INTO `assemblies` (`id`, `district_id`, `name`) VALUES (81, 9, 'Thrithala');
INSERT IGNORE INTO `local_bodies` (`id`, `assembly_id`, `name`) VALUES (652, 81, 'Anakkara');
INSERT IGNORE INTO `local_bodies` (`id`, `assembly_id`, `name`) VALUES (653, 81, 'Chalissery');
INSERT IGNORE INTO `local_bodies` (`id`, `assembly_id`, `name`) VALUES (654, 81, 'Kappur');
INSERT IGNORE INTO `local_bodies` (`id`, `assembly_id`, `name`) VALUES (655, 81, 'Nagalassery');
INSERT IGNORE INTO `local_bodies` (`id`, `assembly_id`, `name`) VALUES (656, 81, 'Parudur');
INSERT IGNORE INTO `local_bodies` (`id`, `assembly_id`, `name`) VALUES (657, 81, 'Pattithara');
INSERT IGNORE INTO `local_bodies` (`id`, `assembly_id`, `name`) VALUES (658, 81, 'Thirumittacode');
INSERT IGNORE INTO `local_bodies` (`id`, `assembly_id`, `name`) VALUES (659, 81, 'Thrithala Panchayats in Ottappalam Taluk');
INSERT IGNORE INTO `assemblies` (`id`, `district_id`, `name`) VALUES (82, 9, 'Pattambi');
INSERT IGNORE INTO `local_bodies` (`id`, `assembly_id`, `name`) VALUES (660, 82, 'Koppam');
INSERT IGNORE INTO `local_bodies` (`id`, `assembly_id`, `name`) VALUES (661, 82, 'Kulukkallur');
INSERT IGNORE INTO `local_bodies` (`id`, `assembly_id`, `name`) VALUES (662, 82, 'Muthuthala');
INSERT IGNORE INTO `local_bodies` (`id`, `assembly_id`, `name`) VALUES (663, 82, 'Ongallur');
INSERT IGNORE INTO `local_bodies` (`id`, `assembly_id`, `name`) VALUES (664, 82, 'Pattambi');
INSERT IGNORE INTO `local_bodies` (`id`, `assembly_id`, `name`) VALUES (665, 82, 'Thiruvegapura');
INSERT IGNORE INTO `local_bodies` (`id`, `assembly_id`, `name`) VALUES (666, 82, 'Vallapuzha');
INSERT IGNORE INTO `local_bodies` (`id`, `assembly_id`, `name`) VALUES (667, 82, 'Vilayur Panchayats in Ottappalam Taluk');
INSERT IGNORE INTO `assemblies` (`id`, `district_id`, `name`) VALUES (83, 9, 'Shornur');
INSERT IGNORE INTO `local_bodies` (`id`, `assembly_id`, `name`) VALUES (668, 83, 'Shornur Municipality');
INSERT IGNORE INTO `local_bodies` (`id`, `assembly_id`, `name`) VALUES (669, 83, 'Ananganadi');
INSERT IGNORE INTO `local_bodies` (`id`, `assembly_id`, `name`) VALUES (670, 83, 'Chalavara');
INSERT IGNORE INTO `local_bodies` (`id`, `assembly_id`, `name`) VALUES (671, 83, 'Cherpulasserry');
INSERT IGNORE INTO `local_bodies` (`id`, `assembly_id`, `name`) VALUES (672, 83, 'Nellaya');
INSERT IGNORE INTO `local_bodies` (`id`, `assembly_id`, `name`) VALUES (673, 83, 'Thrikkadeeri');
INSERT IGNORE INTO `local_bodies` (`id`, `assembly_id`, `name`) VALUES (674, 83, 'Vaniyamkulam');
INSERT IGNORE INTO `local_bodies` (`id`, `assembly_id`, `name`) VALUES (675, 83, 'Vellinezhi Panchayats in Ottappalam Taluk');
INSERT IGNORE INTO `assemblies` (`id`, `district_id`, `name`) VALUES (84, 9, 'Ottappalam');
INSERT IGNORE INTO `local_bodies` (`id`, `assembly_id`, `name`) VALUES (676, 84, 'Ottappalam Municipality');
INSERT IGNORE INTO `local_bodies` (`id`, `assembly_id`, `name`) VALUES (677, 84, 'Ambalapara');
INSERT IGNORE INTO `local_bodies` (`id`, `assembly_id`, `name`) VALUES (678, 84, 'Kadampazhipuram');
INSERT IGNORE INTO `local_bodies` (`id`, `assembly_id`, `name`) VALUES (679, 84, 'Karimpuzha');
INSERT IGNORE INTO `local_bodies` (`id`, `assembly_id`, `name`) VALUES (680, 84, 'Lakkidi-Perur');
INSERT IGNORE INTO `local_bodies` (`id`, `assembly_id`, `name`) VALUES (681, 84, 'Pookkottukavu');
INSERT IGNORE INTO `local_bodies` (`id`, `assembly_id`, `name`) VALUES (682, 84, 'Sreekrishnapuram');
INSERT IGNORE INTO `local_bodies` (`id`, `assembly_id`, `name`) VALUES (683, 84, 'Thachanattukara Panchayats in Ottappalam Taluk');
INSERT IGNORE INTO `assemblies` (`id`, `district_id`, `name`) VALUES (85, 9, 'Kongad');
INSERT IGNORE INTO `local_bodies` (`id`, `assembly_id`, `name`) VALUES (684, 85, 'Kanhirapuzha');
INSERT IGNORE INTO `local_bodies` (`id`, `assembly_id`, `name`) VALUES (685, 85, 'Karakurissi');
INSERT IGNORE INTO `local_bodies` (`id`, `assembly_id`, `name`) VALUES (686, 85, 'Thachampara');
INSERT IGNORE INTO `local_bodies` (`id`, `assembly_id`, `name`) VALUES (687, 85, 'Karimba Panchayats in Mannarkkad Taluk');
INSERT IGNORE INTO `local_bodies` (`id`, `assembly_id`, `name`) VALUES (688, 85, 'Keralassery');
INSERT IGNORE INTO `local_bodies` (`id`, `assembly_id`, `name`) VALUES (689, 85, 'Kongad');
INSERT IGNORE INTO `local_bodies` (`id`, `assembly_id`, `name`) VALUES (690, 85, 'Mankara');
INSERT IGNORE INTO `local_bodies` (`id`, `assembly_id`, `name`) VALUES (691, 85, 'Mannur');
INSERT IGNORE INTO `local_bodies` (`id`, `assembly_id`, `name`) VALUES (692, 85, 'Parali Panchayats in Palakkad Taluk');
INSERT IGNORE INTO `assemblies` (`id`, `district_id`, `name`) VALUES (86, 9, 'Mannarkkad');
INSERT IGNORE INTO `local_bodies` (`id`, `assembly_id`, `name`) VALUES (693, 86, 'Agali');
INSERT IGNORE INTO `local_bodies` (`id`, `assembly_id`, `name`) VALUES (694, 86, 'Alanallur');
INSERT IGNORE INTO `local_bodies` (`id`, `assembly_id`, `name`) VALUES (695, 86, 'Kottoppadam');
INSERT IGNORE INTO `local_bodies` (`id`, `assembly_id`, `name`) VALUES (696, 86, 'Kumaramputhur');
INSERT IGNORE INTO `local_bodies` (`id`, `assembly_id`, `name`) VALUES (697, 86, 'Mannarkkad');
INSERT IGNORE INTO `local_bodies` (`id`, `assembly_id`, `name`) VALUES (698, 86, 'Pudur');
INSERT IGNORE INTO `local_bodies` (`id`, `assembly_id`, `name`) VALUES (699, 86, 'Sholayur Panchayat in Mannarkkad Taluk');
INSERT IGNORE INTO `assemblies` (`id`, `district_id`, `name`) VALUES (87, 9, 'Malampuzha');
INSERT IGNORE INTO `local_bodies` (`id`, `assembly_id`, `name`) VALUES (700, 87, 'Akathethara');
INSERT IGNORE INTO `local_bodies` (`id`, `assembly_id`, `name`) VALUES (701, 87, 'Elappully');
INSERT IGNORE INTO `local_bodies` (`id`, `assembly_id`, `name`) VALUES (702, 87, 'Kodumba');
INSERT IGNORE INTO `local_bodies` (`id`, `assembly_id`, `name`) VALUES (703, 87, 'Malampuzha');
INSERT IGNORE INTO `local_bodies` (`id`, `assembly_id`, `name`) VALUES (704, 87, 'Marutharoad');
INSERT IGNORE INTO `local_bodies` (`id`, `assembly_id`, `name`) VALUES (705, 87, 'Mundur');
INSERT IGNORE INTO `local_bodies` (`id`, `assembly_id`, `name`) VALUES (706, 87, 'Pudussery');
INSERT IGNORE INTO `local_bodies` (`id`, `assembly_id`, `name`) VALUES (707, 87, 'Puduppariyaram Panchayats in Palakkad Taluk');
INSERT IGNORE INTO `assemblies` (`id`, `district_id`, `name`) VALUES (88, 9, 'Palakkad');
INSERT IGNORE INTO `local_bodies` (`id`, `assembly_id`, `name`) VALUES (708, 88, 'Palakkad Municipality');
INSERT IGNORE INTO `local_bodies` (`id`, `assembly_id`, `name`) VALUES (709, 88, 'Kannadi');
INSERT IGNORE INTO `local_bodies` (`id`, `assembly_id`, `name`) VALUES (710, 88, 'Pirayiri Panchayats in Palakkad Taluk');
INSERT IGNORE INTO `local_bodies` (`id`, `assembly_id`, `name`) VALUES (711, 88, 'Mathur Panchayat in Alathur Taluk');
INSERT IGNORE INTO `assemblies` (`id`, `district_id`, `name`) VALUES (89, 9, 'Tarur');
INSERT IGNORE INTO `local_bodies` (`id`, `assembly_id`, `name`) VALUES (712, 89, 'Kannambra');
INSERT IGNORE INTO `local_bodies` (`id`, `assembly_id`, `name`) VALUES (713, 89, 'Kavasseri');
INSERT IGNORE INTO `local_bodies` (`id`, `assembly_id`, `name`) VALUES (714, 89, 'Kottayi');
INSERT IGNORE INTO `local_bodies` (`id`, `assembly_id`, `name`) VALUES (715, 89, 'Kuthanur');
INSERT IGNORE INTO `local_bodies` (`id`, `assembly_id`, `name`) VALUES (716, 89, 'Peringottukurissi');
INSERT IGNORE INTO `local_bodies` (`id`, `assembly_id`, `name`) VALUES (717, 89, 'Puducode');
INSERT IGNORE INTO `local_bodies` (`id`, `assembly_id`, `name`) VALUES (718, 89, 'Tarur');
INSERT IGNORE INTO `local_bodies` (`id`, `assembly_id`, `name`) VALUES (719, 89, 'Vadakkencheri Panchayats in Alathur Taluk');
INSERT IGNORE INTO `assemblies` (`id`, `district_id`, `name`) VALUES (90, 9, 'Chittur');
INSERT IGNORE INTO `local_bodies` (`id`, `assembly_id`, `name`) VALUES (720, 90, 'Chittur-Thathamangalam Municipality');
INSERT IGNORE INTO `local_bodies` (`id`, `assembly_id`, `name`) VALUES (721, 90, 'Eruthempathy');
INSERT IGNORE INTO `local_bodies` (`id`, `assembly_id`, `name`) VALUES (722, 90, 'Kozhinjampara');
INSERT IGNORE INTO `local_bodies` (`id`, `assembly_id`, `name`) VALUES (723, 90, 'Nalleppilly');
INSERT IGNORE INTO `local_bodies` (`id`, `assembly_id`, `name`) VALUES (724, 90, 'Pattanchery');
INSERT IGNORE INTO `local_bodies` (`id`, `assembly_id`, `name`) VALUES (725, 90, 'Perumatty');
INSERT IGNORE INTO `local_bodies` (`id`, `assembly_id`, `name`) VALUES (726, 90, 'Vadakarapathy Panchayats in Chittur Taluk');
INSERT IGNORE INTO `local_bodies` (`id`, `assembly_id`, `name`) VALUES (727, 90, 'Peruvemba');
INSERT IGNORE INTO `local_bodies` (`id`, `assembly_id`, `name`) VALUES (728, 90, 'Polpully Panchayats in Palakkad Taluk');
INSERT IGNORE INTO `assemblies` (`id`, `district_id`, `name`) VALUES (91, 9, 'Nemmara');
INSERT IGNORE INTO `local_bodies` (`id`, `assembly_id`, `name`) VALUES (729, 91, 'Elavenchery');
INSERT IGNORE INTO `local_bodies` (`id`, `assembly_id`, `name`) VALUES (730, 91, 'Koduvayur');
INSERT IGNORE INTO `local_bodies` (`id`, `assembly_id`, `name`) VALUES (731, 91, 'Kollengode');
INSERT IGNORE INTO `local_bodies` (`id`, `assembly_id`, `name`) VALUES (732, 91, 'Muthalamada');
INSERT IGNORE INTO `local_bodies` (`id`, `assembly_id`, `name`) VALUES (733, 91, 'Nelliyampathy');
INSERT IGNORE INTO `local_bodies` (`id`, `assembly_id`, `name`) VALUES (734, 91, 'Nemmara');
INSERT IGNORE INTO `local_bodies` (`id`, `assembly_id`, `name`) VALUES (735, 91, 'Pallassana');
INSERT IGNORE INTO `local_bodies` (`id`, `assembly_id`, `name`) VALUES (736, 91, 'Ayiloor');
INSERT IGNORE INTO `local_bodies` (`id`, `assembly_id`, `name`) VALUES (737, 91, 'Puthunagaram');
INSERT IGNORE INTO `local_bodies` (`id`, `assembly_id`, `name`) VALUES (738, 91, 'Vadavannur Panchayat in Chittur Taluk');
INSERT IGNORE INTO `assemblies` (`id`, `district_id`, `name`) VALUES (92, 9, 'Alathur');
INSERT IGNORE INTO `local_bodies` (`id`, `assembly_id`, `name`) VALUES (739, 92, 'Alathur');
INSERT IGNORE INTO `local_bodies` (`id`, `assembly_id`, `name`) VALUES (740, 92, 'Erimayur');
INSERT IGNORE INTO `local_bodies` (`id`, `assembly_id`, `name`) VALUES (741, 92, 'Kizhakkencheri');
INSERT IGNORE INTO `local_bodies` (`id`, `assembly_id`, `name`) VALUES (742, 92, 'Kuzhalmannam');
INSERT IGNORE INTO `local_bodies` (`id`, `assembly_id`, `name`) VALUES (743, 92, 'Melarcode');
INSERT IGNORE INTO `local_bodies` (`id`, `assembly_id`, `name`) VALUES (744, 92, 'Thenkurissi');
INSERT IGNORE INTO `local_bodies` (`id`, `assembly_id`, `name`) VALUES (745, 92, 'Vandazhi Panchayats in Alathur Taluk');
INSERT IGNORE INTO `districts` (`id`, `name`) VALUES (10, 'Malappuram');
INSERT IGNORE INTO `assemblies` (`id`, `district_id`, `name`) VALUES (93, 10, 'Kondotty');
INSERT IGNORE INTO `local_bodies` (`id`, `assembly_id`, `name`) VALUES (746, 93, 'Cheacode');
INSERT IGNORE INTO `local_bodies` (`id`, `assembly_id`, `name`) VALUES (747, 93, 'Cherukavu');
INSERT IGNORE INTO `local_bodies` (`id`, `assembly_id`, `name`) VALUES (748, 93, 'Kondotty');
INSERT IGNORE INTO `local_bodies` (`id`, `assembly_id`, `name`) VALUES (749, 93, 'Pulikkal');
INSERT IGNORE INTO `local_bodies` (`id`, `assembly_id`, `name`) VALUES (750, 93, 'Vazhakkad');
INSERT IGNORE INTO `local_bodies` (`id`, `assembly_id`, `name`) VALUES (751, 93, 'Nediyiruppu');
INSERT IGNORE INTO `local_bodies` (`id`, `assembly_id`, `name`) VALUES (752, 93, 'Vazhayur Panchayats in Ernad Taluk');
INSERT IGNORE INTO `assemblies` (`id`, `district_id`, `name`) VALUES (94, 10, 'Ernad');
INSERT IGNORE INTO `local_bodies` (`id`, `assembly_id`, `name`) VALUES (753, 94, 'Chaliyar Panchayat in Nilambur Taluk');
INSERT IGNORE INTO `local_bodies` (`id`, `assembly_id`, `name`) VALUES (754, 94, 'Areacode');
INSERT IGNORE INTO `local_bodies` (`id`, `assembly_id`, `name`) VALUES (755, 94, 'Edavanna');
INSERT IGNORE INTO `local_bodies` (`id`, `assembly_id`, `name`) VALUES (756, 94, 'Kavannoor');
INSERT IGNORE INTO `local_bodies` (`id`, `assembly_id`, `name`) VALUES (757, 94, 'Kizhuparamba');
INSERT IGNORE INTO `local_bodies` (`id`, `assembly_id`, `name`) VALUES (758, 94, 'Urangattiri');
INSERT IGNORE INTO `local_bodies` (`id`, `assembly_id`, `name`) VALUES (759, 94, 'Kuzhimanna Panchayats in Ernad Taluk');
INSERT IGNORE INTO `assemblies` (`id`, `district_id`, `name`) VALUES (95, 10, 'Nilambur');
INSERT IGNORE INTO `local_bodies` (`id`, `assembly_id`, `name`) VALUES (760, 95, 'Amarambalam');
INSERT IGNORE INTO `local_bodies` (`id`, `assembly_id`, `name`) VALUES (761, 95, 'Chungathara');
INSERT IGNORE INTO `local_bodies` (`id`, `assembly_id`, `name`) VALUES (762, 95, 'Edakkara');
INSERT IGNORE INTO `local_bodies` (`id`, `assembly_id`, `name`) VALUES (763, 95, 'Karulai');
INSERT IGNORE INTO `local_bodies` (`id`, `assembly_id`, `name`) VALUES (764, 95, 'Moothedam');
INSERT IGNORE INTO `local_bodies` (`id`, `assembly_id`, `name`) VALUES (765, 95, 'Nilambur');
INSERT IGNORE INTO `local_bodies` (`id`, `assembly_id`, `name`) VALUES (766, 95, 'Pothukal');
INSERT IGNORE INTO `local_bodies` (`id`, `assembly_id`, `name`) VALUES (767, 95, 'Vazhikkadavu Panchayats in Nilambur Taluk');
INSERT IGNORE INTO `assemblies` (`id`, `district_id`, `name`) VALUES (96, 10, 'Wandoor');
INSERT IGNORE INTO `local_bodies` (`id`, `assembly_id`, `name`) VALUES (768, 96, 'Chokkad');
INSERT IGNORE INTO `local_bodies` (`id`, `assembly_id`, `name`) VALUES (769, 96, 'Kalikavu');
INSERT IGNORE INTO `local_bodies` (`id`, `assembly_id`, `name`) VALUES (770, 96, 'Karuvarakundu');
INSERT IGNORE INTO `local_bodies` (`id`, `assembly_id`, `name`) VALUES (771, 96, 'Mampad');
INSERT IGNORE INTO `local_bodies` (`id`, `assembly_id`, `name`) VALUES (772, 96, 'Porur');
INSERT IGNORE INTO `local_bodies` (`id`, `assembly_id`, `name`) VALUES (773, 96, 'Thiruvali');
INSERT IGNORE INTO `local_bodies` (`id`, `assembly_id`, `name`) VALUES (774, 96, 'Thuvvur');
INSERT IGNORE INTO `local_bodies` (`id`, `assembly_id`, `name`) VALUES (775, 96, 'Wandoor Panchayats in Nilambur Taluk');
INSERT IGNORE INTO `assemblies` (`id`, `district_id`, `name`) VALUES (97, 10, 'Manjeri');
INSERT IGNORE INTO `local_bodies` (`id`, `assembly_id`, `name`) VALUES (776, 97, 'Manjeri Municipality');
INSERT IGNORE INTO `local_bodies` (`id`, `assembly_id`, `name`) VALUES (777, 97, 'Pandikkad');
INSERT IGNORE INTO `local_bodies` (`id`, `assembly_id`, `name`) VALUES (778, 97, 'Trikkalangode Panchayats in Ernad Taluk');
INSERT IGNORE INTO `local_bodies` (`id`, `assembly_id`, `name`) VALUES (779, 97, 'Edappatta');
INSERT IGNORE INTO `local_bodies` (`id`, `assembly_id`, `name`) VALUES (780, 97, 'Keezhattur Panchayats in Perinthalmanna Taluk');
INSERT IGNORE INTO `assemblies` (`id`, `district_id`, `name`) VALUES (98, 10, 'Perinthalmanna');
INSERT IGNORE INTO `local_bodies` (`id`, `assembly_id`, `name`) VALUES (781, 98, 'Perinthalmanna Municipality');
INSERT IGNORE INTO `local_bodies` (`id`, `assembly_id`, `name`) VALUES (782, 98, 'Aliparamba');
INSERT IGNORE INTO `local_bodies` (`id`, `assembly_id`, `name`) VALUES (783, 98, 'Elamkulam');
INSERT IGNORE INTO `local_bodies` (`id`, `assembly_id`, `name`) VALUES (784, 98, 'Pulamanthole');
INSERT IGNORE INTO `local_bodies` (`id`, `assembly_id`, `name`) VALUES (785, 98, 'Thazhekode');
INSERT IGNORE INTO `local_bodies` (`id`, `assembly_id`, `name`) VALUES (786, 98, 'Vettathur');
INSERT IGNORE INTO `local_bodies` (`id`, `assembly_id`, `name`) VALUES (787, 98, 'Melattur Panchayats in Perinthalmanna Taluk');
INSERT IGNORE INTO `assemblies` (`id`, `district_id`, `name`) VALUES (99, 10, 'Mankada');
INSERT IGNORE INTO `local_bodies` (`id`, `assembly_id`, `name`) VALUES (788, 99, 'Angadippuram');
INSERT IGNORE INTO `local_bodies` (`id`, `assembly_id`, `name`) VALUES (789, 99, 'Koottilangadi');
INSERT IGNORE INTO `local_bodies` (`id`, `assembly_id`, `name`) VALUES (790, 99, 'Kuruva');
INSERT IGNORE INTO `local_bodies` (`id`, `assembly_id`, `name`) VALUES (791, 99, 'Makkaraparamba');
INSERT IGNORE INTO `local_bodies` (`id`, `assembly_id`, `name`) VALUES (792, 99, 'Mankada');
INSERT IGNORE INTO `local_bodies` (`id`, `assembly_id`, `name`) VALUES (793, 99, 'Moorkkanad');
INSERT IGNORE INTO `local_bodies` (`id`, `assembly_id`, `name`) VALUES (794, 99, 'Puzhakkattiri Panchayats in Perinthalmanna Taluk');
INSERT IGNORE INTO `assemblies` (`id`, `district_id`, `name`) VALUES (100, 10, 'Malappuram');
INSERT IGNORE INTO `local_bodies` (`id`, `assembly_id`, `name`) VALUES (795, 100, 'Malappuram Municipality');
INSERT IGNORE INTO `local_bodies` (`id`, `assembly_id`, `name`) VALUES (796, 100, 'Morayur');
INSERT IGNORE INTO `local_bodies` (`id`, `assembly_id`, `name`) VALUES (797, 100, 'Pookkottur');
INSERT IGNORE INTO `local_bodies` (`id`, `assembly_id`, `name`) VALUES (798, 100, 'Anakkayam');
INSERT IGNORE INTO `local_bodies` (`id`, `assembly_id`, `name`) VALUES (799, 100, 'Pulpatta Panchayats in Ernad Taluk');
INSERT IGNORE INTO `local_bodies` (`id`, `assembly_id`, `name`) VALUES (800, 100, 'Kodur Panchayat in Perinthalmanna Taluk');
INSERT IGNORE INTO `assemblies` (`id`, `district_id`, `name`) VALUES (101, 10, 'Vengara');
INSERT IGNORE INTO `local_bodies` (`id`, `assembly_id`, `name`) VALUES (801, 101, 'Abdu Rahiman Nagar');
INSERT IGNORE INTO `local_bodies` (`id`, `assembly_id`, `name`) VALUES (802, 101, 'Kannamangalam');
INSERT IGNORE INTO `local_bodies` (`id`, `assembly_id`, `name`) VALUES (803, 101, 'Othukkungal');
INSERT IGNORE INTO `local_bodies` (`id`, `assembly_id`, `name`) VALUES (804, 101, 'Parappur');
INSERT IGNORE INTO `local_bodies` (`id`, `assembly_id`, `name`) VALUES (805, 101, 'Urakam');
INSERT IGNORE INTO `local_bodies` (`id`, `assembly_id`, `name`) VALUES (806, 101, 'Vengara Panchayats in Tirurangadi Taluk');
INSERT IGNORE INTO `assemblies` (`id`, `district_id`, `name`) VALUES (102, 10, 'Vallikunnu');
INSERT IGNORE INTO `local_bodies` (`id`, `assembly_id`, `name`) VALUES (807, 102, 'Chelembra');
INSERT IGNORE INTO `local_bodies` (`id`, `assembly_id`, `name`) VALUES (808, 102, 'Moonniyur');
INSERT IGNORE INTO `local_bodies` (`id`, `assembly_id`, `name`) VALUES (809, 102, 'Pallikkal');
INSERT IGNORE INTO `local_bodies` (`id`, `assembly_id`, `name`) VALUES (810, 102, 'Peruvallur');
INSERT IGNORE INTO `local_bodies` (`id`, `assembly_id`, `name`) VALUES (811, 102, 'Thenhippalam');
INSERT IGNORE INTO `local_bodies` (`id`, `assembly_id`, `name`) VALUES (812, 102, 'Vallikkunnu Panchayats in Tirurangadi Taluk');
INSERT IGNORE INTO `assemblies` (`id`, `district_id`, `name`) VALUES (103, 10, 'Tirurangadi');
INSERT IGNORE INTO `local_bodies` (`id`, `assembly_id`, `name`) VALUES (813, 103, 'Edarikode');
INSERT IGNORE INTO `local_bodies` (`id`, `assembly_id`, `name`) VALUES (814, 103, 'Nannambra');
INSERT IGNORE INTO `local_bodies` (`id`, `assembly_id`, `name`) VALUES (815, 103, 'Parappanangadi');
INSERT IGNORE INTO `local_bodies` (`id`, `assembly_id`, `name`) VALUES (816, 103, 'Thennala');
INSERT IGNORE INTO `local_bodies` (`id`, `assembly_id`, `name`) VALUES (817, 103, 'Tirurangadi Panchayats in Tirurangadi Taluk');
INSERT IGNORE INTO `local_bodies` (`id`, `assembly_id`, `name`) VALUES (818, 103, 'Perumanna Clari Panchayat in Tirur Taluk');
INSERT IGNORE INTO `assemblies` (`id`, `district_id`, `name`) VALUES (104, 10, 'Tanur');
INSERT IGNORE INTO `local_bodies` (`id`, `assembly_id`, `name`) VALUES (819, 104, 'Cheriyamundam');
INSERT IGNORE INTO `local_bodies` (`id`, `assembly_id`, `name`) VALUES (820, 104, 'Niramaruthur');
INSERT IGNORE INTO `local_bodies` (`id`, `assembly_id`, `name`) VALUES (821, 104, 'Ozhur');
INSERT IGNORE INTO `local_bodies` (`id`, `assembly_id`, `name`) VALUES (822, 104, 'Ponmundam');
INSERT IGNORE INTO `local_bodies` (`id`, `assembly_id`, `name`) VALUES (823, 104, 'Thanalur');
INSERT IGNORE INTO `local_bodies` (`id`, `assembly_id`, `name`) VALUES (824, 104, 'Tanur Panchayats in Tirur Taluk');
INSERT IGNORE INTO `assemblies` (`id`, `district_id`, `name`) VALUES (105, 10, 'Tirur');
INSERT IGNORE INTO `local_bodies` (`id`, `assembly_id`, `name`) VALUES (825, 105, 'Tirur Municipality');
INSERT IGNORE INTO `local_bodies` (`id`, `assembly_id`, `name`) VALUES (826, 105, 'Athavanad');
INSERT IGNORE INTO `local_bodies` (`id`, `assembly_id`, `name`) VALUES (827, 105, 'Kalpakancheri');
INSERT IGNORE INTO `local_bodies` (`id`, `assembly_id`, `name`) VALUES (828, 105, 'Thalakkad');
INSERT IGNORE INTO `local_bodies` (`id`, `assembly_id`, `name`) VALUES (829, 105, 'Thirunavaya');
INSERT IGNORE INTO `local_bodies` (`id`, `assembly_id`, `name`) VALUES (830, 105, 'Valavannur');
INSERT IGNORE INTO `local_bodies` (`id`, `assembly_id`, `name`) VALUES (831, 105, 'Vettom Panchayats in Tirur Taluk');
INSERT IGNORE INTO `assemblies` (`id`, `district_id`, `name`) VALUES (106, 10, 'Kottakkal');
INSERT IGNORE INTO `local_bodies` (`id`, `assembly_id`, `name`) VALUES (832, 106, 'Edayoor');
INSERT IGNORE INTO `local_bodies` (`id`, `assembly_id`, `name`) VALUES (833, 106, 'Irimbiliyam');
INSERT IGNORE INTO `local_bodies` (`id`, `assembly_id`, `name`) VALUES (834, 106, 'Kottakkal');
INSERT IGNORE INTO `local_bodies` (`id`, `assembly_id`, `name`) VALUES (835, 106, 'Kuttippuram');
INSERT IGNORE INTO `local_bodies` (`id`, `assembly_id`, `name`) VALUES (836, 106, 'Marakkara');
INSERT IGNORE INTO `local_bodies` (`id`, `assembly_id`, `name`) VALUES (837, 106, 'Ponmala');
INSERT IGNORE INTO `local_bodies` (`id`, `assembly_id`, `name`) VALUES (838, 106, 'Valanchery Panchayats in Tirur Taluk');
INSERT IGNORE INTO `assemblies` (`id`, `district_id`, `name`) VALUES (107, 10, 'Thavanur');
INSERT IGNORE INTO `local_bodies` (`id`, `assembly_id`, `name`) VALUES (839, 107, 'Edappal');
INSERT IGNORE INTO `local_bodies` (`id`, `assembly_id`, `name`) VALUES (840, 107, 'Thavanur');
INSERT IGNORE INTO `local_bodies` (`id`, `assembly_id`, `name`) VALUES (841, 107, 'Vattamkulam Panchayats in Ponnani Taluk');
INSERT IGNORE INTO `local_bodies` (`id`, `assembly_id`, `name`) VALUES (842, 107, 'Purathur');
INSERT IGNORE INTO `local_bodies` (`id`, `assembly_id`, `name`) VALUES (843, 107, 'Mangalam');
INSERT IGNORE INTO `local_bodies` (`id`, `assembly_id`, `name`) VALUES (844, 107, 'Thriprangode Panchayats in Tirur Taluk');
INSERT IGNORE INTO `assemblies` (`id`, `district_id`, `name`) VALUES (108, 10, 'Ponnani');
INSERT IGNORE INTO `local_bodies` (`id`, `assembly_id`, `name`) VALUES (845, 108, 'Ponnani Municipality');
INSERT IGNORE INTO `local_bodies` (`id`, `assembly_id`, `name`) VALUES (846, 108, 'Alamcode');
INSERT IGNORE INTO `local_bodies` (`id`, `assembly_id`, `name`) VALUES (847, 108, 'Maranchery');
INSERT IGNORE INTO `local_bodies` (`id`, `assembly_id`, `name`) VALUES (848, 108, 'Nannamukku');
INSERT IGNORE INTO `local_bodies` (`id`, `assembly_id`, `name`) VALUES (849, 108, 'Perumpadappa');
INSERT IGNORE INTO `local_bodies` (`id`, `assembly_id`, `name`) VALUES (850, 108, 'Veliyankode Panchayats in Ponnani Taluk');
INSERT IGNORE INTO `districts` (`id`, `name`) VALUES (11, 'Kozhikode');
INSERT IGNORE INTO `assemblies` (`id`, `district_id`, `name`) VALUES (109, 11, 'Vadakara');
INSERT IGNORE INTO `local_bodies` (`id`, `assembly_id`, `name`) VALUES (851, 109, 'Vadakara Municipality');
INSERT IGNORE INTO `local_bodies` (`id`, `assembly_id`, `name`) VALUES (852, 109, 'Azhiyur');
INSERT IGNORE INTO `local_bodies` (`id`, `assembly_id`, `name`) VALUES (853, 109, 'Chorode');
INSERT IGNORE INTO `local_bodies` (`id`, `assembly_id`, `name`) VALUES (854, 109, 'Eramala');
INSERT IGNORE INTO `local_bodies` (`id`, `assembly_id`, `name`) VALUES (855, 109, 'Onchiam Panchayats in Vadakara Taluk');
INSERT IGNORE INTO `assemblies` (`id`, `district_id`, `name`) VALUES (110, 11, 'Kuttiadi');
INSERT IGNORE INTO `local_bodies` (`id`, `assembly_id`, `name`) VALUES (856, 110, 'Ayancheri');
INSERT IGNORE INTO `local_bodies` (`id`, `assembly_id`, `name`) VALUES (857, 110, 'Kunnummal');
INSERT IGNORE INTO `local_bodies` (`id`, `assembly_id`, `name`) VALUES (858, 110, 'Kuttiadi');
INSERT IGNORE INTO `local_bodies` (`id`, `assembly_id`, `name`) VALUES (859, 110, 'Purameri');
INSERT IGNORE INTO `local_bodies` (`id`, `assembly_id`, `name`) VALUES (860, 110, 'Thiruvallur');
INSERT IGNORE INTO `local_bodies` (`id`, `assembly_id`, `name`) VALUES (861, 110, 'Velom');
INSERT IGNORE INTO `local_bodies` (`id`, `assembly_id`, `name`) VALUES (862, 110, 'Maniyur');
INSERT IGNORE INTO `local_bodies` (`id`, `assembly_id`, `name`) VALUES (863, 110, 'Villiappally Panchayats in Vadakara Taluk');
INSERT IGNORE INTO `assemblies` (`id`, `district_id`, `name`) VALUES (111, 11, 'Nadapuram');
INSERT IGNORE INTO `local_bodies` (`id`, `assembly_id`, `name`) VALUES (864, 111, 'Chekkiad');
INSERT IGNORE INTO `local_bodies` (`id`, `assembly_id`, `name`) VALUES (865, 111, 'Edacheri');
INSERT IGNORE INTO `local_bodies` (`id`, `assembly_id`, `name`) VALUES (866, 111, 'Kavilumpara');
INSERT IGNORE INTO `local_bodies` (`id`, `assembly_id`, `name`) VALUES (867, 111, 'Kayakkodi');
INSERT IGNORE INTO `local_bodies` (`id`, `assembly_id`, `name`) VALUES (868, 111, 'Maruthonkara');
INSERT IGNORE INTO `local_bodies` (`id`, `assembly_id`, `name`) VALUES (869, 111, 'Nadapuram');
INSERT IGNORE INTO `local_bodies` (`id`, `assembly_id`, `name`) VALUES (870, 111, 'Narippatta');
INSERT IGNORE INTO `local_bodies` (`id`, `assembly_id`, `name`) VALUES (871, 111, 'Thuneri');
INSERT IGNORE INTO `local_bodies` (`id`, `assembly_id`, `name`) VALUES (872, 111, 'Valayam');
INSERT IGNORE INTO `local_bodies` (`id`, `assembly_id`, `name`) VALUES (873, 111, 'Vanimel Panchayats in Vadakara Taluk');
INSERT IGNORE INTO `assemblies` (`id`, `district_id`, `name`) VALUES (112, 11, 'Quilandy');
INSERT IGNORE INTO `local_bodies` (`id`, `assembly_id`, `name`) VALUES (874, 112, 'Quilandy Municipality');
INSERT IGNORE INTO `local_bodies` (`id`, `assembly_id`, `name`) VALUES (875, 112, 'Chemancheri');
INSERT IGNORE INTO `local_bodies` (`id`, `assembly_id`, `name`) VALUES (876, 112, 'Chengottukavu');
INSERT IGNORE INTO `local_bodies` (`id`, `assembly_id`, `name`) VALUES (877, 112, 'Moodadi');
INSERT IGNORE INTO `local_bodies` (`id`, `assembly_id`, `name`) VALUES (878, 112, 'Payyoli');
INSERT IGNORE INTO `local_bodies` (`id`, `assembly_id`, `name`) VALUES (879, 112, 'Thikkody Panchayats in Quilandy Taluk');
INSERT IGNORE INTO `assemblies` (`id`, `district_id`, `name`) VALUES (113, 11, 'Perambra');
INSERT IGNORE INTO `local_bodies` (`id`, `assembly_id`, `name`) VALUES (880, 113, 'Arikkulam');
INSERT IGNORE INTO `local_bodies` (`id`, `assembly_id`, `name`) VALUES (881, 113, 'Chakkittapara');
INSERT IGNORE INTO `local_bodies` (`id`, `assembly_id`, `name`) VALUES (882, 113, 'Changaroth');
INSERT IGNORE INTO `local_bodies` (`id`, `assembly_id`, `name`) VALUES (883, 113, 'Cheruvannur');
INSERT IGNORE INTO `local_bodies` (`id`, `assembly_id`, `name`) VALUES (884, 113, 'Keezhariyur');
INSERT IGNORE INTO `local_bodies` (`id`, `assembly_id`, `name`) VALUES (885, 113, 'Koothali');
INSERT IGNORE INTO `local_bodies` (`id`, `assembly_id`, `name`) VALUES (886, 113, 'Meppayyur');
INSERT IGNORE INTO `local_bodies` (`id`, `assembly_id`, `name`) VALUES (887, 113, 'Nochad');
INSERT IGNORE INTO `local_bodies` (`id`, `assembly_id`, `name`) VALUES (888, 113, 'Perambra');
INSERT IGNORE INTO `local_bodies` (`id`, `assembly_id`, `name`) VALUES (889, 113, 'Thurayur Panchayats in Quilandy Taluk');
INSERT IGNORE INTO `assemblies` (`id`, `district_id`, `name`) VALUES (114, 11, 'Balusseri');
INSERT IGNORE INTO `local_bodies` (`id`, `assembly_id`, `name`) VALUES (890, 114, 'Atholi');
INSERT IGNORE INTO `local_bodies` (`id`, `assembly_id`, `name`) VALUES (891, 114, 'Balusseri');
INSERT IGNORE INTO `local_bodies` (`id`, `assembly_id`, `name`) VALUES (892, 114, 'Kayanna');
INSERT IGNORE INTO `local_bodies` (`id`, `assembly_id`, `name`) VALUES (893, 114, 'Koorachundu');
INSERT IGNORE INTO `local_bodies` (`id`, `assembly_id`, `name`) VALUES (894, 114, 'Kottur');
INSERT IGNORE INTO `local_bodies` (`id`, `assembly_id`, `name`) VALUES (895, 114, 'Naduvannur');
INSERT IGNORE INTO `local_bodies` (`id`, `assembly_id`, `name`) VALUES (896, 114, 'Panangad');
INSERT IGNORE INTO `local_bodies` (`id`, `assembly_id`, `name`) VALUES (897, 114, 'Ulliyeri');
INSERT IGNORE INTO `local_bodies` (`id`, `assembly_id`, `name`) VALUES (898, 114, 'Unnikulam Panchayats in Quilandy Taluk');
INSERT IGNORE INTO `assemblies` (`id`, `district_id`, `name`) VALUES (115, 11, 'Elathur');
INSERT IGNORE INTO `local_bodies` (`id`, `assembly_id`, `name`) VALUES (899, 115, 'Chelannur');
INSERT IGNORE INTO `local_bodies` (`id`, `assembly_id`, `name`) VALUES (900, 115, 'Elathur');
INSERT IGNORE INTO `local_bodies` (`id`, `assembly_id`, `name`) VALUES (901, 115, 'Kakkodi');
INSERT IGNORE INTO `local_bodies` (`id`, `assembly_id`, `name`) VALUES (902, 115, 'Kakkur');
INSERT IGNORE INTO `local_bodies` (`id`, `assembly_id`, `name`) VALUES (903, 115, 'Kuruvattur');
INSERT IGNORE INTO `local_bodies` (`id`, `assembly_id`, `name`) VALUES (904, 115, 'Nanmanda');
INSERT IGNORE INTO `local_bodies` (`id`, `assembly_id`, `name`) VALUES (905, 115, 'Thalakkulathur Panchayats in Kozhikode Taluk');
INSERT IGNORE INTO `assemblies` (`id`, `district_id`, `name`) VALUES (116, 11, 'Kozhikode North');
INSERT IGNORE INTO `local_bodies` (`id`, `assembly_id`, `name`) VALUES (906, 116, 'Wards No.1 to 16');
INSERT IGNORE INTO `local_bodies` (`id`, `assembly_id`, `name`) VALUES (907, 116, '39');
INSERT IGNORE INTO `local_bodies` (`id`, `assembly_id`, `name`) VALUES (908, 116, '40');
INSERT IGNORE INTO `local_bodies` (`id`, `assembly_id`, `name`) VALUES (909, 116, '42 to 51 of Kozhikode (M. Corporation) in Kozhikode Taluk');
INSERT IGNORE INTO `assemblies` (`id`, `district_id`, `name`) VALUES (117, 11, 'Kozhikode South');
INSERT IGNORE INTO `local_bodies` (`id`, `assembly_id`, `name`) VALUES (910, 117, 'Wards No. 17 to 38');
INSERT IGNORE INTO `local_bodies` (`id`, `assembly_id`, `name`) VALUES (911, 117, '41 of Kozhikode (M. Corporation) in Kozhikode Taluk');
INSERT IGNORE INTO `assemblies` (`id`, `district_id`, `name`) VALUES (118, 11, 'Beypore');
INSERT IGNORE INTO `local_bodies` (`id`, `assembly_id`, `name`) VALUES (912, 118, 'Beypore');
INSERT IGNORE INTO `local_bodies` (`id`, `assembly_id`, `name`) VALUES (913, 118, 'Cheruvannur-Nallalam');
INSERT IGNORE INTO `local_bodies` (`id`, `assembly_id`, `name`) VALUES (914, 118, 'Feroke');
INSERT IGNORE INTO `local_bodies` (`id`, `assembly_id`, `name`) VALUES (915, 118, 'Kadalundi');
INSERT IGNORE INTO `local_bodies` (`id`, `assembly_id`, `name`) VALUES (916, 118, 'Ramanattukara Panchayats in Kozhikode Taluk');
INSERT IGNORE INTO `assemblies` (`id`, `district_id`, `name`) VALUES (119, 11, 'Kunnamangalam');
INSERT IGNORE INTO `local_bodies` (`id`, `assembly_id`, `name`) VALUES (917, 119, 'Chathamangalam');
INSERT IGNORE INTO `local_bodies` (`id`, `assembly_id`, `name`) VALUES (918, 119, 'Kunnamangalam');
INSERT IGNORE INTO `local_bodies` (`id`, `assembly_id`, `name`) VALUES (919, 119, 'Mavoor');
INSERT IGNORE INTO `local_bodies` (`id`, `assembly_id`, `name`) VALUES (920, 119, 'Olavanna');
INSERT IGNORE INTO `local_bodies` (`id`, `assembly_id`, `name`) VALUES (921, 119, 'Perumanna');
INSERT IGNORE INTO `local_bodies` (`id`, `assembly_id`, `name`) VALUES (922, 119, 'Peruvayal Panchayats in Kozhikode Taluk');
INSERT IGNORE INTO `assemblies` (`id`, `district_id`, `name`) VALUES (120, 11, 'Koduvally');
INSERT IGNORE INTO `local_bodies` (`id`, `assembly_id`, `name`) VALUES (923, 120, 'Kizhakkoth');
INSERT IGNORE INTO `local_bodies` (`id`, `assembly_id`, `name`) VALUES (924, 120, 'Koduvally');
INSERT IGNORE INTO `local_bodies` (`id`, `assembly_id`, `name`) VALUES (925, 120, 'Madavoor');
INSERT IGNORE INTO `local_bodies` (`id`, `assembly_id`, `name`) VALUES (926, 120, 'Narikkuni');
INSERT IGNORE INTO `local_bodies` (`id`, `assembly_id`, `name`) VALUES (927, 120, 'Omassery');
INSERT IGNORE INTO `local_bodies` (`id`, `assembly_id`, `name`) VALUES (928, 120, 'Thamarassery Panchayats in Kozhikode Taluk');
INSERT IGNORE INTO `assemblies` (`id`, `district_id`, `name`) VALUES (121, 11, 'Thiruvambadi');
INSERT IGNORE INTO `local_bodies` (`id`, `assembly_id`, `name`) VALUES (929, 121, 'Karassery');
INSERT IGNORE INTO `local_bodies` (`id`, `assembly_id`, `name`) VALUES (930, 121, 'Kodencheri');
INSERT IGNORE INTO `local_bodies` (`id`, `assembly_id`, `name`) VALUES (931, 121, 'Kodiyathur');
INSERT IGNORE INTO `local_bodies` (`id`, `assembly_id`, `name`) VALUES (932, 121, 'Koodaranji');
INSERT IGNORE INTO `local_bodies` (`id`, `assembly_id`, `name`) VALUES (933, 121, 'Mukkom');
INSERT IGNORE INTO `local_bodies` (`id`, `assembly_id`, `name`) VALUES (934, 121, 'Puthuppadi');
INSERT IGNORE INTO `local_bodies` (`id`, `assembly_id`, `name`) VALUES (935, 121, 'Thiruvambadi Panchayats in Kozhikode Taluk');
INSERT IGNORE INTO `districts` (`id`, `name`) VALUES (12, 'Wayanad');
INSERT IGNORE INTO `assemblies` (`id`, `district_id`, `name`) VALUES (122, 12, 'Mananthavady');
INSERT IGNORE INTO `local_bodies` (`id`, `assembly_id`, `name`) VALUES (936, 122, 'Edavaka');
INSERT IGNORE INTO `local_bodies` (`id`, `assembly_id`, `name`) VALUES (937, 122, 'Mananthavady');
INSERT IGNORE INTO `local_bodies` (`id`, `assembly_id`, `name`) VALUES (938, 122, 'Panamaram');
INSERT IGNORE INTO `local_bodies` (`id`, `assembly_id`, `name`) VALUES (939, 122, 'Thavinhal');
INSERT IGNORE INTO `local_bodies` (`id`, `assembly_id`, `name`) VALUES (940, 122, 'Thirunelly');
INSERT IGNORE INTO `local_bodies` (`id`, `assembly_id`, `name`) VALUES (941, 122, 'Thondernad');
INSERT IGNORE INTO `local_bodies` (`id`, `assembly_id`, `name`) VALUES (942, 122, 'Vellamunda Panchayats in Mananthavady Taluk');
INSERT IGNORE INTO `assemblies` (`id`, `district_id`, `name`) VALUES (123, 12, 'Sulthanbathery');
INSERT IGNORE INTO `local_bodies` (`id`, `assembly_id`, `name`) VALUES (943, 123, 'Ambalavayal');
INSERT IGNORE INTO `local_bodies` (`id`, `assembly_id`, `name`) VALUES (944, 123, 'Meenangadi');
INSERT IGNORE INTO `local_bodies` (`id`, `assembly_id`, `name`) VALUES (945, 123, 'Mullenkolly');
INSERT IGNORE INTO `local_bodies` (`id`, `assembly_id`, `name`) VALUES (946, 123, 'Nenmeni');
INSERT IGNORE INTO `local_bodies` (`id`, `assembly_id`, `name`) VALUES (947, 123, 'Noolpuzha');
INSERT IGNORE INTO `local_bodies` (`id`, `assembly_id`, `name`) VALUES (948, 123, 'Poothadi');
INSERT IGNORE INTO `local_bodies` (`id`, `assembly_id`, `name`) VALUES (949, 123, 'Pulpalli');
INSERT IGNORE INTO `local_bodies` (`id`, `assembly_id`, `name`) VALUES (950, 123, 'Sulthanbathery Panchayats in Sultanbathery Taluk');
INSERT IGNORE INTO `assemblies` (`id`, `district_id`, `name`) VALUES (124, 12, 'Kalpetta');
INSERT IGNORE INTO `local_bodies` (`id`, `assembly_id`, `name`) VALUES (951, 124, 'Kalpetta Municipality');
INSERT IGNORE INTO `local_bodies` (`id`, `assembly_id`, `name`) VALUES (952, 124, 'Kaniambetta');
INSERT IGNORE INTO `local_bodies` (`id`, `assembly_id`, `name`) VALUES (953, 124, 'Kottathara');
INSERT IGNORE INTO `local_bodies` (`id`, `assembly_id`, `name`) VALUES (954, 124, 'Meppady');
INSERT IGNORE INTO `local_bodies` (`id`, `assembly_id`, `name`) VALUES (955, 124, 'Muppainad');
INSERT IGNORE INTO `local_bodies` (`id`, `assembly_id`, `name`) VALUES (956, 124, 'Muttil');
INSERT IGNORE INTO `local_bodies` (`id`, `assembly_id`, `name`) VALUES (957, 124, 'Padinharethara');
INSERT IGNORE INTO `local_bodies` (`id`, `assembly_id`, `name`) VALUES (958, 124, 'Pozhuthana');
INSERT IGNORE INTO `local_bodies` (`id`, `assembly_id`, `name`) VALUES (959, 124, 'Thariyode');
INSERT IGNORE INTO `local_bodies` (`id`, `assembly_id`, `name`) VALUES (960, 124, 'Vengappally');
INSERT IGNORE INTO `local_bodies` (`id`, `assembly_id`, `name`) VALUES (961, 124, 'Vythiri Panchayats in Vythiri Taluk');
INSERT IGNORE INTO `districts` (`id`, `name`) VALUES (13, 'Kannur');
INSERT IGNORE INTO `assemblies` (`id`, `district_id`, `name`) VALUES (125, 13, 'Payyannur');
INSERT IGNORE INTO `local_bodies` (`id`, `assembly_id`, `name`) VALUES (962, 125, 'Payyannur Municipality');
INSERT IGNORE INTO `local_bodies` (`id`, `assembly_id`, `name`) VALUES (963, 125, 'Cherupuzha');
INSERT IGNORE INTO `local_bodies` (`id`, `assembly_id`, `name`) VALUES (964, 125, 'Eramamkuttoor');
INSERT IGNORE INTO `local_bodies` (`id`, `assembly_id`, `name`) VALUES (965, 125, 'Kankole–Alapadamba');
INSERT IGNORE INTO `local_bodies` (`id`, `assembly_id`, `name`) VALUES (966, 125, 'Karivellur');
INSERT IGNORE INTO `local_bodies` (`id`, `assembly_id`, `name`) VALUES (967, 125, 'Peralam');
INSERT IGNORE INTO `local_bodies` (`id`, `assembly_id`, `name`) VALUES (968, 125, 'Peringome');
INSERT IGNORE INTO `local_bodies` (`id`, `assembly_id`, `name`) VALUES (969, 125, 'Vayakkara');
INSERT IGNORE INTO `local_bodies` (`id`, `assembly_id`, `name`) VALUES (970, 125, 'Ramanthali Panchayats in Taliparamba Taluk');
INSERT IGNORE INTO `assemblies` (`id`, `district_id`, `name`) VALUES (126, 13, 'Kalliasseri');
INSERT IGNORE INTO `local_bodies` (`id`, `assembly_id`, `name`) VALUES (971, 126, 'Cherukunnu');
INSERT IGNORE INTO `local_bodies` (`id`, `assembly_id`, `name`) VALUES (972, 126, 'Cheruthazham');
INSERT IGNORE INTO `local_bodies` (`id`, `assembly_id`, `name`) VALUES (973, 126, 'Ezhome');
INSERT IGNORE INTO `local_bodies` (`id`, `assembly_id`, `name`) VALUES (974, 126, 'Kadannappalli-Panapuzha');
INSERT IGNORE INTO `local_bodies` (`id`, `assembly_id`, `name`) VALUES (975, 126, 'Kalliasseri');
INSERT IGNORE INTO `local_bodies` (`id`, `assembly_id`, `name`) VALUES (976, 126, 'Kannapuram');
INSERT IGNORE INTO `local_bodies` (`id`, `assembly_id`, `name`) VALUES (977, 126, 'Kunhimangalam');
INSERT IGNORE INTO `local_bodies` (`id`, `assembly_id`, `name`) VALUES (978, 126, 'Madayi');
INSERT IGNORE INTO `local_bodies` (`id`, `assembly_id`, `name`) VALUES (979, 126, 'Mattool Panchayats in Kannur Taluk');
INSERT IGNORE INTO `local_bodies` (`id`, `assembly_id`, `name`) VALUES (980, 126, 'Pattuvam Panchayat in Taliparamba Taluk');
INSERT IGNORE INTO `assemblies` (`id`, `district_id`, `name`) VALUES (127, 13, 'Taliparamba');
INSERT IGNORE INTO `local_bodies` (`id`, `assembly_id`, `name`) VALUES (981, 127, 'Taliparamba Municipality');
INSERT IGNORE INTO `local_bodies` (`id`, `assembly_id`, `name`) VALUES (982, 127, 'Chapparapadavu');
INSERT IGNORE INTO `local_bodies` (`id`, `assembly_id`, `name`) VALUES (983, 127, 'Kurumathur');
INSERT IGNORE INTO `local_bodies` (`id`, `assembly_id`, `name`) VALUES (984, 127, 'Kolacherry');
INSERT IGNORE INTO `local_bodies` (`id`, `assembly_id`, `name`) VALUES (985, 127, 'Kuttiattoor');
INSERT IGNORE INTO `local_bodies` (`id`, `assembly_id`, `name`) VALUES (986, 127, 'Malapattam');
INSERT IGNORE INTO `local_bodies` (`id`, `assembly_id`, `name`) VALUES (987, 127, 'Mayyil');
INSERT IGNORE INTO `local_bodies` (`id`, `assembly_id`, `name`) VALUES (988, 127, 'Pariyaram Panchayats in Taliparamba Taluk');
INSERT IGNORE INTO `assemblies` (`id`, `district_id`, `name`) VALUES (128, 13, 'Irikkur');
INSERT IGNORE INTO `local_bodies` (`id`, `assembly_id`, `name`) VALUES (989, 128, 'Chengalayi');
INSERT IGNORE INTO `local_bodies` (`id`, `assembly_id`, `name`) VALUES (990, 128, 'Eruvassy');
INSERT IGNORE INTO `local_bodies` (`id`, `assembly_id`, `name`) VALUES (991, 128, 'Irikkur');
INSERT IGNORE INTO `local_bodies` (`id`, `assembly_id`, `name`) VALUES (992, 128, 'Payyavoor');
INSERT IGNORE INTO `local_bodies` (`id`, `assembly_id`, `name`) VALUES (993, 128, 'Sreekandapuram');
INSERT IGNORE INTO `local_bodies` (`id`, `assembly_id`, `name`) VALUES (994, 128, 'Alakode');
INSERT IGNORE INTO `local_bodies` (`id`, `assembly_id`, `name`) VALUES (995, 128, 'Naduvil');
INSERT IGNORE INTO `local_bodies` (`id`, `assembly_id`, `name`) VALUES (996, 128, 'Udayagiri');
INSERT IGNORE INTO `local_bodies` (`id`, `assembly_id`, `name`) VALUES (997, 128, 'Ulikkal Panchayats in Taliparamba Taluk');
INSERT IGNORE INTO `assemblies` (`id`, `district_id`, `name`) VALUES (129, 13, 'Azhikode');
INSERT IGNORE INTO `local_bodies` (`id`, `assembly_id`, `name`) VALUES (998, 129, 'Azhikode');
INSERT IGNORE INTO `local_bodies` (`id`, `assembly_id`, `name`) VALUES (999, 129, 'Chirakkal');
INSERT IGNORE INTO `local_bodies` (`id`, `assembly_id`, `name`) VALUES (1000, 129, 'Narath');
INSERT IGNORE INTO `local_bodies` (`id`, `assembly_id`, `name`) VALUES (1001, 129, 'Pallikkunnu');
INSERT IGNORE INTO `local_bodies` (`id`, `assembly_id`, `name`) VALUES (1002, 129, 'Pappinisseri');
INSERT IGNORE INTO `local_bodies` (`id`, `assembly_id`, `name`) VALUES (1003, 129, 'Puzhathi');
INSERT IGNORE INTO `local_bodies` (`id`, `assembly_id`, `name`) VALUES (1004, 129, 'Valapattanam Panchayats in Kannur Taluk');
INSERT IGNORE INTO `assemblies` (`id`, `district_id`, `name`) VALUES (130, 13, 'Kannur');
INSERT IGNORE INTO `local_bodies` (`id`, `assembly_id`, `name`) VALUES (1005, 130, 'Kannur Municipality');
INSERT IGNORE INTO `local_bodies` (`id`, `assembly_id`, `name`) VALUES (1006, 130, 'Chelora');
INSERT IGNORE INTO `local_bodies` (`id`, `assembly_id`, `name`) VALUES (1007, 130, 'Edakkad');
INSERT IGNORE INTO `local_bodies` (`id`, `assembly_id`, `name`) VALUES (1008, 130, 'Elayavoor');
INSERT IGNORE INTO `local_bodies` (`id`, `assembly_id`, `name`) VALUES (1009, 130, 'Munderi Panchayats in Kannur Taluk');
INSERT IGNORE INTO `assemblies` (`id`, `district_id`, `name`) VALUES (131, 13, 'Dharmadam');
INSERT IGNORE INTO `local_bodies` (`id`, `assembly_id`, `name`) VALUES (1010, 131, 'Anjarakandy');
INSERT IGNORE INTO `local_bodies` (`id`, `assembly_id`, `name`) VALUES (1011, 131, 'Chembilode');
INSERT IGNORE INTO `local_bodies` (`id`, `assembly_id`, `name`) VALUES (1012, 131, 'Kadambur');
INSERT IGNORE INTO `local_bodies` (`id`, `assembly_id`, `name`) VALUES (1013, 131, 'Muzhappilangad');
INSERT IGNORE INTO `local_bodies` (`id`, `assembly_id`, `name`) VALUES (1014, 131, 'Peralasseri Panchayats in Kannur Taluk');
INSERT IGNORE INTO `local_bodies` (`id`, `assembly_id`, `name`) VALUES (1015, 131, 'Dharmadam');
INSERT IGNORE INTO `local_bodies` (`id`, `assembly_id`, `name`) VALUES (1016, 131, 'Pinarayi');
INSERT IGNORE INTO `local_bodies` (`id`, `assembly_id`, `name`) VALUES (1017, 131, 'Vengad Panchayats in Thalaseery Taluk');
INSERT IGNORE INTO `assemblies` (`id`, `district_id`, `name`) VALUES (132, 13, 'Thalassery');
INSERT IGNORE INTO `local_bodies` (`id`, `assembly_id`, `name`) VALUES (1018, 132, 'Thalassery Municipality');
INSERT IGNORE INTO `local_bodies` (`id`, `assembly_id`, `name`) VALUES (1019, 132, 'Chockli');
INSERT IGNORE INTO `local_bodies` (`id`, `assembly_id`, `name`) VALUES (1020, 132, 'Eranholi');
INSERT IGNORE INTO `local_bodies` (`id`, `assembly_id`, `name`) VALUES (1021, 132, 'Kadirur');
INSERT IGNORE INTO `local_bodies` (`id`, `assembly_id`, `name`) VALUES (1022, 132, 'New–Mahe');
INSERT IGNORE INTO `local_bodies` (`id`, `assembly_id`, `name`) VALUES (1023, 132, 'Panniyannur Panchayats in Thalassery Taluk');
INSERT IGNORE INTO `assemblies` (`id`, `district_id`, `name`) VALUES (133, 13, 'Kuthuparamba');
INSERT IGNORE INTO `local_bodies` (`id`, `assembly_id`, `name`) VALUES (1024, 133, 'Kuthuparamba Municipality');
INSERT IGNORE INTO `local_bodies` (`id`, `assembly_id`, `name`) VALUES (1025, 133, 'Kariyad');
INSERT IGNORE INTO `local_bodies` (`id`, `assembly_id`, `name`) VALUES (1026, 133, 'Kottayam –Malabar');
INSERT IGNORE INTO `local_bodies` (`id`, `assembly_id`, `name`) VALUES (1027, 133, 'Kunnothuparambu');
INSERT IGNORE INTO `local_bodies` (`id`, `assembly_id`, `name`) VALUES (1028, 133, 'Mokeri');
INSERT IGNORE INTO `local_bodies` (`id`, `assembly_id`, `name`) VALUES (1029, 133, 'Panoor');
INSERT IGNORE INTO `local_bodies` (`id`, `assembly_id`, `name`) VALUES (1030, 133, 'Pattiom');
INSERT IGNORE INTO `local_bodies` (`id`, `assembly_id`, `name`) VALUES (1031, 133, 'Peringalam');
INSERT IGNORE INTO `local_bodies` (`id`, `assembly_id`, `name`) VALUES (1032, 133, 'Thriprangottur Panchayats in Thalassery Taluk');
INSERT IGNORE INTO `assemblies` (`id`, `district_id`, `name`) VALUES (134, 13, 'Mattannur');
INSERT IGNORE INTO `local_bodies` (`id`, `assembly_id`, `name`) VALUES (1033, 134, 'Mattannur Municipality');
INSERT IGNORE INTO `local_bodies` (`id`, `assembly_id`, `name`) VALUES (1034, 134, 'Chittariparamba');
INSERT IGNORE INTO `local_bodies` (`id`, `assembly_id`, `name`) VALUES (1035, 134, 'Keezhallur');
INSERT IGNORE INTO `local_bodies` (`id`, `assembly_id`, `name`) VALUES (1036, 134, 'Koodali');
INSERT IGNORE INTO `local_bodies` (`id`, `assembly_id`, `name`) VALUES (1037, 134, 'Malur');
INSERT IGNORE INTO `local_bodies` (`id`, `assembly_id`, `name`) VALUES (1038, 134, 'Mangattidam');
INSERT IGNORE INTO `local_bodies` (`id`, `assembly_id`, `name`) VALUES (1039, 134, 'Kolayad');
INSERT IGNORE INTO `local_bodies` (`id`, `assembly_id`, `name`) VALUES (1040, 134, 'Thillenkeri Panchayats in Thalassery Taluk');
INSERT IGNORE INTO `local_bodies` (`id`, `assembly_id`, `name`) VALUES (1041, 134, 'Padiyur-Kalliad Panchayat in Taliparamba Taluk');
INSERT IGNORE INTO `assemblies` (`id`, `district_id`, `name`) VALUES (135, 13, 'Peravoor');
INSERT IGNORE INTO `local_bodies` (`id`, `assembly_id`, `name`) VALUES (1042, 135, 'Aralam');
INSERT IGNORE INTO `local_bodies` (`id`, `assembly_id`, `name`) VALUES (1043, 135, 'Ayyankunnu');
INSERT IGNORE INTO `local_bodies` (`id`, `assembly_id`, `name`) VALUES (1044, 135, 'Kanichar');
INSERT IGNORE INTO `local_bodies` (`id`, `assembly_id`, `name`) VALUES (1045, 135, 'KeezhurChavassery');
INSERT IGNORE INTO `local_bodies` (`id`, `assembly_id`, `name`) VALUES (1046, 135, 'Kelakam');
INSERT IGNORE INTO `local_bodies` (`id`, `assembly_id`, `name`) VALUES (1047, 135, 'Kottiyoor');
INSERT IGNORE INTO `local_bodies` (`id`, `assembly_id`, `name`) VALUES (1048, 135, 'Muzhakkunnu');
INSERT IGNORE INTO `local_bodies` (`id`, `assembly_id`, `name`) VALUES (1049, 135, 'Payam');
INSERT IGNORE INTO `local_bodies` (`id`, `assembly_id`, `name`) VALUES (1050, 135, 'Peravoor Panchayats in Thalassery Taluk');
INSERT IGNORE INTO `districts` (`id`, `name`) VALUES (14, 'Kasaragod');
INSERT IGNORE INTO `assemblies` (`id`, `district_id`, `name`) VALUES (136, 14, 'Manjeshwar');
INSERT IGNORE INTO `local_bodies` (`id`, `assembly_id`, `name`) VALUES (1051, 136, 'Enmakaje');
INSERT IGNORE INTO `local_bodies` (`id`, `assembly_id`, `name`) VALUES (1052, 136, 'Kumbla');
INSERT IGNORE INTO `local_bodies` (`id`, `assembly_id`, `name`) VALUES (1053, 136, 'Mangalpady');
INSERT IGNORE INTO `local_bodies` (`id`, `assembly_id`, `name`) VALUES (1054, 136, 'Manjeshwar');
INSERT IGNORE INTO `local_bodies` (`id`, `assembly_id`, `name`) VALUES (1055, 136, 'Meenja');
INSERT IGNORE INTO `local_bodies` (`id`, `assembly_id`, `name`) VALUES (1056, 136, 'Paivalike');
INSERT IGNORE INTO `local_bodies` (`id`, `assembly_id`, `name`) VALUES (1057, 136, 'Puthige');
INSERT IGNORE INTO `local_bodies` (`id`, `assembly_id`, `name`) VALUES (1058, 136, 'Vorkady Panchayats in Kasaragod Taluk');
INSERT IGNORE INTO `assemblies` (`id`, `district_id`, `name`) VALUES (137, 14, 'Kasaragod');
INSERT IGNORE INTO `local_bodies` (`id`, `assembly_id`, `name`) VALUES (1059, 137, 'Kasaragod Municipality');
INSERT IGNORE INTO `local_bodies` (`id`, `assembly_id`, `name`) VALUES (1060, 137, 'Badiadka');
INSERT IGNORE INTO `local_bodies` (`id`, `assembly_id`, `name`) VALUES (1061, 137, 'Bellur');
INSERT IGNORE INTO `local_bodies` (`id`, `assembly_id`, `name`) VALUES (1062, 137, 'Chengala');
INSERT IGNORE INTO `local_bodies` (`id`, `assembly_id`, `name`) VALUES (1063, 137, 'Karadka');
INSERT IGNORE INTO `local_bodies` (`id`, `assembly_id`, `name`) VALUES (1064, 137, 'Kumbdaje');
INSERT IGNORE INTO `local_bodies` (`id`, `assembly_id`, `name`) VALUES (1065, 137, 'Madhur');
INSERT IGNORE INTO `local_bodies` (`id`, `assembly_id`, `name`) VALUES (1066, 137, 'Mogral Puthur Panchayats in Kasaragod Taluk');
INSERT IGNORE INTO `assemblies` (`id`, `district_id`, `name`) VALUES (138, 14, 'Udma');
INSERT IGNORE INTO `local_bodies` (`id`, `assembly_id`, `name`) VALUES (1067, 138, 'Bedadka');
INSERT IGNORE INTO `local_bodies` (`id`, `assembly_id`, `name`) VALUES (1068, 138, 'Chemnad');
INSERT IGNORE INTO `local_bodies` (`id`, `assembly_id`, `name`) VALUES (1069, 138, 'Delampady');
INSERT IGNORE INTO `local_bodies` (`id`, `assembly_id`, `name`) VALUES (1070, 138, 'Kuttikole');
INSERT IGNORE INTO `local_bodies` (`id`, `assembly_id`, `name`) VALUES (1071, 138, 'Muliyar Panchayats in Kasaragod Taluk');
INSERT IGNORE INTO `local_bodies` (`id`, `assembly_id`, `name`) VALUES (1072, 138, 'Pallikere');
INSERT IGNORE INTO `local_bodies` (`id`, `assembly_id`, `name`) VALUES (1073, 138, 'Pullur-Periya');
INSERT IGNORE INTO `local_bodies` (`id`, `assembly_id`, `name`) VALUES (1074, 138, 'Udma Panchayats in Hosdurg Taluk');
INSERT IGNORE INTO `assemblies` (`id`, `district_id`, `name`) VALUES (139, 14, 'Kanhangad');
INSERT IGNORE INTO `local_bodies` (`id`, `assembly_id`, `name`) VALUES (1075, 139, 'Kanhangad Muncipality');
INSERT IGNORE INTO `local_bodies` (`id`, `assembly_id`, `name`) VALUES (1076, 139, 'Ajanur');
INSERT IGNORE INTO `local_bodies` (`id`, `assembly_id`, `name`) VALUES (1077, 139, 'Balal');
INSERT IGNORE INTO `local_bodies` (`id`, `assembly_id`, `name`) VALUES (1078, 139, 'Kallar');
INSERT IGNORE INTO `local_bodies` (`id`, `assembly_id`, `name`) VALUES (1079, 139, 'Kinanoor – Karindalam');
INSERT IGNORE INTO `local_bodies` (`id`, `assembly_id`, `name`) VALUES (1080, 139, 'Kodom-Belur');
INSERT IGNORE INTO `local_bodies` (`id`, `assembly_id`, `name`) VALUES (1081, 139, 'Madikai');
INSERT IGNORE INTO `local_bodies` (`id`, `assembly_id`, `name`) VALUES (1082, 139, 'Panathady Panchayats in Hosdurg Taluk');
INSERT IGNORE INTO `assemblies` (`id`, `district_id`, `name`) VALUES (140, 14, 'Trikaripur');
INSERT IGNORE INTO `local_bodies` (`id`, `assembly_id`, `name`) VALUES (1083, 140, 'Cheruvathur');
INSERT IGNORE INTO `local_bodies` (`id`, `assembly_id`, `name`) VALUES (1084, 140, 'East Eleri');
INSERT IGNORE INTO `local_bodies` (`id`, `assembly_id`, `name`) VALUES (1085, 140, 'Kayyur-Cheemeni');
INSERT IGNORE INTO `local_bodies` (`id`, `assembly_id`, `name`) VALUES (1086, 140, 'Nileshwar');
INSERT IGNORE INTO `local_bodies` (`id`, `assembly_id`, `name`) VALUES (1087, 140, 'Padne');
INSERT IGNORE INTO `local_bodies` (`id`, `assembly_id`, `name`) VALUES (1088, 140, 'Pilicode');
INSERT IGNORE INTO `local_bodies` (`id`, `assembly_id`, `name`) VALUES (1089, 140, 'Trikaripur');
INSERT IGNORE INTO `local_bodies` (`id`, `assembly_id`, `name`) VALUES (1090, 140, 'Valiyaparamba');
INSERT IGNORE INTO `local_bodies` (`id`, `assembly_id`, `name`) VALUES (1091, 140, 'West Eleri Panchayats in Hosdurg Taluk');
ALTER TABLE members ADD COLUMN district_id INT;
ALTER TABLE members ADD COLUMN assembly_id INT;
ALTER TABLE members ADD COLUMN local_body_id INT;
ALTER TABLE users ADD COLUMN district_id INT;

UPDATE members m JOIN districts d ON TRIM(m.district) = d.name SET m.district_id = d.id;
UPDATE members m JOIN assemblies a ON TRIM(m.assembly) = a.name AND m.district_id = a.district_id SET m.assembly_id = a.id;
UPDATE members m JOIN local_bodies l ON TRIM(m.selfgovt) = l.name AND m.assembly_id = l.assembly_id SET m.local_body_id = l.id;
UPDATE users u JOIN districts d ON TRIM(u.district) = d.name SET u.district_id = d.id;

ALTER TABLE members ADD FOREIGN KEY (district_id) REFERENCES districts(id);
ALTER TABLE members ADD FOREIGN KEY (assembly_id) REFERENCES assemblies(id);
ALTER TABLE members ADD FOREIGN KEY (local_body_id) REFERENCES local_bodies(id);
ALTER TABLE users ADD FOREIGN KEY (district_id) REFERENCES districts(id);
